setting;x;y;z;rot_x;rot_y;rot_z;fov;rendered
urban;-1032.437;-1649.311;3.502151;0;0;0;50;False
urban;-1018.702;-1562.522;4.220886;0;0;0;50;False
urban;-1052.215;-1516.931;4.131226;0;0;0;50;False
urban;-1104.958;-1555.382;3.417664;0;0;0;50;False
urban;-1147.262;-1491.663;3.41864;0;0;0;50;False
urban;-1112.649;-1431.241;4.156494;0;0;0;50;False
urban;-1135.175;-1391.143;4.205811;0;0;0;50;False
urban;-1190.115;-1430.142;3.457825;0;0;0;50;False
urban;-1229.123;-1372.467;3.127319;0;0;0;50;False
urban;-1159.349;-1341.157;4.107971;0;0;0;50;False
urban;-1078.037;-1480.678;4.148743;0;0;0;50;False
urban;-1010.461;-1443.326;4.043762;0;0;0;50;False
urban;-954.4216;-1529.016;4.293945;0;0;0;50;False
urban;-1165.392;-1596.579;3.299255;0;0;0;50;False
urban;-1206.597;-1538.903;3.283081;0;0;0;50;False
urban;-1092.322;-1416.959;4.121521;0;0;0;50;False
urban;-1079.685;-1371.917;4.236511;0;0;0;50;False
urban;-1303.841;-1397.185;3.404358;0;0;0;50;False
urban;-1090.124;-1710.271;3.266418;0;0;0;50;False
urban;-1199.455;-1246.667;6.023926;0;0;0;50;False
urban;-1267.031;-1270.836;3.058716;0;0;0;50;False
urban;-1337.355;-1295.554;3.838562;0;0;0;50;False
urban;-1363.726;-1200.526;3.45166;0;0;0;50;False
urban;-1297.249;-1189.54;3.935425;0;0;0;50;False
urban;-1217.585;-1151.09;6.747498;0;0;0;50;False
urban;-1247.802;-1059.907;7.484009;0;0;0;50;False
urban;-1308.237;-1085.174;5.961975;0;0;0;50;False
urban;-1362.627;-1115.385;3.323364;0;0;0;50;False
urban;-1414.821;-1035.738;3.621826;0;0;0;50;False
urban;-1359.88;-993.9914;7.342712;0;0;0;50;False
urban;-1271.976;-983.5547;9.161316;0;0;0;50;False
urban;-1337.355;-835.7946;15.94373;0;0;0;50;False
urban;-1410.975;-911.5972;10.07758;0;0;0;50;False
urban;-1467.563;-973.6675;6.052673;0;0;0;50;False
urban;-1527.448;-858.3156;21.98706;0;0;0;50;False
urban;-1598.321;-945.6534;12.37244;0;0;0;50;False
urban;-1562.06;-841.2875;9.184143;0;0;0;50;False
urban;-1437.346;-751.2032;22.52087;0;0;0;50;False
urban;-1287.359;-914.3437;10.39606;0;0;0;50;False
urban;-1174.182;-841.8368;13.34393;0;0;0;50;False
urban;-1085.179;-1297.779;4.646667;0;0;0;50;False
urban;-1045.622;-1276.356;5.33728;0;0;0;50;False
urban;-951.6746;-1218.131;4.29657;0;0;0;50;False
urban;-771.4706;-1113.216;9.719604;0;0;0;50;False
urban;-1537.887;-667.1242;27.91003;0;0;0;50;False
urban;-1651.613;-578.1385;32.69293;0;0;0;50;False
urban;-1575.796;-510.026;34.54443;0;0;0;50;False
urban;-1461.52;-436.9698;34.50677;0;0;0;50;False
urban;-1379.659;-558.3639;29.22839;0;0;0;50;False
urban;-1298.897;-504.5331;32.15558;0;0;0;50;False
urban;-1386.801;-388.6319;35.69446;0;0;0;50;False
urban;-1224.728;-591.8708;26.27423;0;0;0;50;False
urban;-1317.576;-659.4341;25.56506;0;0;0;50;False
urban;-1121.44;-922.9;1.665161;0;0;0;50;False
urban;-1059.907;-1025.069;1.210449;0;0;0;50;False
urban;-1009.362;-1118.449;1.184814;0;0;0;50;False
urban;-828.0591;-1012.984;12.36102;0;0;0;50;False
urban;-872.0112;-932.7874;14.82758;0;0;0;50;False
urban;-999.4726;-816.3369;14.79535;0;0;0;50;False
urban;-855.5292;-835.0129;18.27972;0;0;0;50;False
urban;-1079.685;-761.4075;18.35138;0;0;0;50;False
urban;-694.5543;-1221.818;9.670227;0;0;0;50;False
urban;-764.3284;-1287.184;4.000427;0;0;0;50;False
urban;-629.7249;-1297.621;9.663452;0;0;0;50;False
urban;-650.0527;-1357.494;9.668335;0;0;0;50;False
urban;-698.9495;-1365.184;5.039246;0;0;0;50;False
urban;-1645.57;-446.0641;37.88892;0;0;0;50;False
urban;-1562.06;-341.6981;46.0072;0;0;0;50;False
urban;-1711.498;-532.3033;36.45239;0;0;0;50;False
urban;-1763.691;-459.7964;40.13422;0;0;0;50;False
urban;-1706.553;-367.515;46.7951;0;0;0;50;False
urban;-1623.594;-292.8109;50.9859;0;0;0;50;False
urban;-1564.807;-180.2056;54.52826;0;0;0;50;False
urban;-1497.231;-253.811;49.3952;0;0;0;50;False
urban;-1359.331;-253.2617;41.74603;0;0;0;50;False
urban;-1301.644;-344.4446;35.73224;0;0;0;50;False
urban;-1418.117;-169.2197;46.58655;0;0;0;50;False
urban;-1473.607;-103.3043;49.88837;0;0;0;50;False
urban;-1404.382;-65.40302;51.81317;0;0;0;50;False
urban;-556.6544;-1189.98;17.50706;0;0;0;50;False
urban;-536.8759;-1113.628;20.94971;0;0;0;50;False
urban;-535.7771;-1071.881;21.43903;0;0;0;50;False
urban;-541.8205;-956.5296;22.53229;0;0;0;50;False
urban;-640.1635;-956.5296;20.51807;0;0;0;50;False
urban;-758.8344;-956.5296;15.70007;0;0;0;50;False
urban;-747.2969;-834.0369;21.65088;0;0;0;50;False
urban;-638.5153;-835.6848;23.94751;0;0;0;50;False
urban;-501.7141;-832.9384;29.50006;0;0;0;50;False
urban;-546.7651;-656.6148;32.29327;0;0;0;50;False
urban;-640.7129;-657.7134;30.7323;0;0;0;50;False
urban;-746.7476;-654.9669;29.34143;0;0;0;50;False
urban;-858.2762;-657.1641;26.88538;0;0;0;50;False
urban;-961.0144;-430.9362;36.87927;0;0;0;50;False
urban;-1045.622;-465.4398;35.78772;0;0;0;50;False
urban;-1095.069;-395.6794;35.67645;0;0;0;50;False
urban;-1242.308;-442.9187;32.60046;0;0;0;50;False
urban;-1004.967;-346.2429;36.88367;0;0;0;50;False
urban;-804.9842;-314.3838;35.98877;0;0;0;50;False
urban;-879.7029;-278.1304;39.46692;0;0;0;50;False
urban;-983.5399;-219.9016;36.86975;0;0;0;50;False
urban;-1042.875;-186.9439;36.84631;0;0;0;50;False
urban;-636.3177;-556.4905;33.8772;0;0;0;50;False
urban;-634.1201;-471.3498;33.81964;0;0;0;50;False
urban;-634.6695;-370.8289;33.81573;0;0;0;50;False
urban;-702.7953;-221.9375;36.05627;0;0;0;50;False
urban;-800.589;-263.1346;36.03235;0;0;0;50;False
urban;-862.122;-155.4729;36.89581;0;0;0;50;False
urban;-767.6248;-106.5857;36.87366;0;0;0;50;False
urban;-792.8973;-63.19139;36.78094;0;0;0;50;False
urban;-884.6475;-111.5293;36.96112;0;0;0;50;False
urban;-690.7085;-65.38857;36.62842;0;0;0;50;False
urban;-713.234;-25.29008;36.8819;0;0;0;50;False
urban;-625.3297;-180.7404;36.76886;0;0;0;50;False
urban;-560.5002;-295.5429;34.18738;0;0;0;50;False
urban;-637.4165;-336.1907;33.80994;0;0;0;50;False
urban;-495.6707;-264.7824;34.73004;0;0;0;50;False
urban;-515.9986;-132.4025;37.91785;0;0;0;50;False
urban;-481.3863;-109.8814;37.94946;0;0;0;50;False
urban;-413.2604;-222.4868;35.23535;0;0;0;50;False
urban;-452.2679;-245.5571;35.08069;0;0;0;50;False
urban;-574.2352;-56.58164;41.04108;0;0;0;50;False
urban;-543.4687;2.742159;43.23468;0;0;0;50;False
urban;-656.0962;-1459.705;9.667511;0;0;0;50;False
urban;-711.0364;-1594.832;20.29132;0;0;0;50;False
urban;-672.0288;-1647.985;23.92505;0;0;0;50;False
urban;-501.7141;-1774.323;20.16608;0;0;0;50;False
urban;-403.9205;-1761.689;19.5918;0;0;0;50;False
urban;-617.0886;-1802.63;22.56604;0;0;0;50;False
urban;-385.2408;-1831.193;20.66852;0;0;0;50;False
urban;-276.4592;-1429.109;30.3493;0;0;0;50;False
urban;-1024.745;-2707.684;12.77238;0;0;0;50;False
urban;-907.7224;-532.0422;34.12691;0;0;0;50;False
urban;-980.2435;-682.549;22.15363;0;0;0;50;False
urban;-1151.657;-665.5208;21.43469;0;0;0;50;False
urban;-674.7758;-1049.5;15.47786;0;0;0;50;False
urban;-512.1528;-903.3882;25.61652;0;0;0;50;False
urban;-521.4926;-743.1413;31.50183;0;0;0;50;False
urban;-636.8671;-753.0286;25.45892;0;0;0;50;False
urban;-861.0232;-747.9092;22.28015;0;0;0;50;False
urban;-744.5499;-752.3035;25.78662;0;0;0;50;False
urban;-1173.633;-263.8904;36.71188;0;0;0;50;False
urban;-1196.159;-106.9704;39.96515;0;0;0;50;False
urban;-1324.719;-54.23812;48.22601;0;0;0;50;False
urban;-1354.936;11.53745;52.00444;0;0;0;50;False
urban;-1399.437;91.53328;52.85175;0;0;0;50;False
urban;-1395.042;39.35031;52.41498;0;0;0;50;False
urban;-1435.698;61.32273;51.40033;0;0;0;50;False
urban;-1395.592;196.9985;57.72064;0;0;0;50;False
urban;-791.2491;-501.8156;24.24738;0;0;0;50;False
urban;-1031.338;-579.8154;17.39789;0;0;0;50;False
urban;-525.8878;-496.872;24.32294;0;0;0;50;False
urban;-303.9293;-497.4213;24.33215;0;0;0;50;False
urban;-1161.546;-1085.793;1.028671;0;0;0;50;False
urban;-1111.001;-1178.075;1.160095;0;0;0;50;False
urban;-980.7929;-979.2302;1.150024;0;0;0;50;False
urban;-926.4021;-1072.61;1.150146;0;0;0;50;False
urban;-1088.476;-973.7372;3.057129;0;0;0;50;False
urban;-981.3423;-1163.244;2.984802;0;0;0;50;False
urban;-1034.634;-1070.406;3.05658;0;0;0;50;False
urban;-911.0188;-1385.211;4.169434;0;0;0;50;False
urban;-897.2838;-1426.957;4.14801;0;0;0;50;False
urban;-877.5052;-1475.295;4.169678;0;0;0;50;False
urban;-865.9678;-1509.901;4.175476;0;0;0;50;False
urban;-124.8242;-496.6139;28.92514;0;0;0;50;False
urban;28.45904;-493.8675;33.08893;0;0;0;50;False
urban;215.8052;-495.5153;33.05334;0;0;0;50;False
urban;396.5585;-497.1632;34.32367;0;0;0;50;False
urban;550.3912;-515.8392;34.99207;0;0;0;50;False
urban;646.5366;-560.8813;34.99786;0;0;0;50;False
urban;745.429;-607.5714;35.48309;0;0;0;50;False
urban;836.6298;-663.0501;41.51331;0;0;0;50;False
urban;915.1943;-725.6697;40.3999;0;0;0;50;False
urban;972.8815;-795.9794;35.14014;0;0;0;50;False
urban;1020.68;-909.134;29.38446;0;0;0;50;False
urban;1056.94;-1036.57;27.13226;0;0;0;50;False
urban;-413.8098;-632.8995;36.64029;0;0;0;50;False
urban;-411.6122;-749.8992;36.24365;0;0;0;50;False
urban;-412.711;-845.4765;37.88416;0;0;0;50;False
urban;-411.6122;-980.0536;36.28906;0;0;0;50;False
urban;-413.8098;-1061.898;36.1958;0;0;0;50;False
urban;-414.3592;-1169.56;36.19684;0;0;0;50;False
urban;-413.8098;-1276.123;36.23615;0;0;0;50;False
urban;-413.2604;-1404.658;37.56293;0;0;0;50;False
urban;-428.6436;-1539.785;36.94342;0;0;0;50;False
urban;-491.8249;-1639.756;37.25122;0;0;0;50;False
urban;-613.2428;-1707.869;36.4834;0;0;0;50;False
urban;-762.1308;-1724.897;38.85297;0;0;0;50;False
urban;-904.426;-1801.798;35.82031;0;0;0;50;False
urban;-929.6985;-1911.108;28.74286;0;0;0;50;False
urban;-883.5487;-2003.389;26.7561;0;0;0;50;False
urban;-789.6009;-2070.403;29.9278;0;0;0;50;False
urban;-671.4794;-2151.699;46.66766;0;0;0;50;False
urban;-568.1918;-2224.206;56.83521;0;0;0;50;False
urban;-464.3548;-2297.262;61.93365;0;0;0;50;False
urban;-370.407;-2363.726;62.14294;0;0;0;50;False
urban;-252.8349;-2443.923;56.59583;0;0;0;50;False
urban;-91.86005;-2559.275;38.11865;0;0;0;50;False
urban;30.10724;-2627.388;23.94269;0;0;0;50;False
urban;166.9084;-2663.641;17.48474;0;0;0;50;False
urban;255.3622;-2669.683;17.37854;0;0;0;50;False
urban;410.843;-2685.613;22.80383;0;0;0;50;False
urban;568.5214;-2670.233;39.63745;0;0;0;50;False
urban;694.3345;-2648.81;49.23853;0;0;0;50;False
urban;841.5743;-2621.345;51.23541;0;0;0;50;False
urban;980.0237;-2598.824;44.04065;0;0;0;50;False
urban;1145.943;-2568.613;32.3515;0;0;0;50;False
urban;1242.638;-2531.261;40.13287;0;0;0;50;False
urban;1305.819;-2467.543;47.15643;0;0;0;50;False
urban;1338.234;-2338.459;51.68542;0;0;0;50;False
urban;1317.906;-2240.135;50.54071;0;0;0;50;False
urban;1294.831;-2169.825;48.00488;0;0;0;50;False
urban;1248.132;-2055.572;43.35486;0;0;0;50;False
urban;1188.247;-1911.053;34.74677;0;0;0;50;False
urban;1136.054;-1792.954;28.28845;0;0;0;50;False
urban;1088.256;-1636.405;28.42194;0;0;0;50;False
urban;1076.719;-1548.518;27.18805;0;0;0;50;False
urban;1062.984;-1433.716;35.76984;0;0;0;50;False
urban;1069.027;-1336.491;27.14307;0;0;0;50;False
urban;1052.545;-1176.097;54.65686;0;0;0;50;False
urban;912.9966;-1180.584;46.81635;0;0;0;50;False
urban;689.9393;-1190.471;42.67847;0;0;0;50;False
urban;422.3805;-1184.978;39.73737;0;0;0;50;False
urban;272.3936;-1183.88;37.23987;0;0;0;50;False
urban;58.12676;-1192.119;36.26007;0;0;0;50;False
urban;-83.06962;-1195.964;36.25201;0;0;0;50;False
urban;-185.8078;-1195.415;36.26172;0;0;0;50;False
urban;-353.9249;-1161.908;36.31433;0;0;0;50;False
urban;-413.2604;-1212.992;53.57416;0;0;0;50;False
urban;59.77496;-1166.302;28.33319;0;0;0;50;False
urban;57.02795;-1136.091;28.34106;0;0;0;50;False
urban;211.41;-1132.246;28.33099;0;0;0;50;False
urban;58.12676;-1262.978;28.34143;0;0;0;50;False
urban;1228.903;-1153.675;50.61757;0;0;0;50;False
urban;530.0633;-336.1397;42.59628;0;0;0;50;False
urban;602.5844;-366.3509;42.62878;0;0;0;50;False
urban;552.0394;-561.8997;53.70337;0;0;0;50;False
urban;609.1772;-510.2661;45.68793;0;0;0;50;False
urban;508.6366;-467.9586;45.31317;0;0;0;50;False
urban;616.8688;-289.438;38.7359;0;0;0;50;False
urban;660.2716;-231.2127;42.66992;0;0;0;50;False
urban;700.378;-159.2552;48.15289;0;0;0;50;False
urban;739.9349;-82.90324;55.07758;0;0;0;50;False
urban;793.7764;8.828927;62.6452;0;0;0;50;False
urban;845.9696;90.6738;68.10498;0;0;0;50;False
urban;898.7122;156.5891;72.67548;0;0;0;50;False
urban;624.5605;-58.76286;74.57318;0;0;0;50;False
urban;695.4333;11.54683;83.18964;0;0;0;50;False
urban;800.3692;-52.17133;79.6485;0;0;0;50;False
urban;817.4007;-187.847;71.82678;0;0;0;50;False
urban;893.2182;-236.7343;68.47253;0;0;0;50;False
urban;947.609;-151.5936;73.54431;0;0;0;50;False
urban;869.5939;-104.3543;78.45215;0;0;0;50;False
urban;1019.581;-198.8329;69.23651;0;0;0;50;False
urban;961.8934;-281.2271;65.93799;0;0;0;50;False
urban;-611.5946;-2264.594;5.02449;0;0;0;50;False
urban;-596.2113;-2246.467;5.176758;0;0;0;50;False
urban;-686.3133;-2350.284;12.56604;0;0;0;50;False
urban;-631.373;-2287.115;4.847229;0;0;0;50;False
urban;-722.0244;-2387.636;13.62744;0;0;0;50;False
urban;-771.4706;-2468.931;13.29712;0;0;0;50;False
urban;-752.791;-2480.466;12.98236;0;0;0;50;False
urban;-733.5619;-2446.959;12.94006;0;0;0;50;False
urban;-777.514;-2522.213;12.94537;0;0;0;50;False
urban;-814.8734;-2544.185;19.21259;0;0;0;50;False
urban;-1095.069;-2653.494;19.19238;0;0;0;50;False
urban;-942.3347;-2736.437;19.17371;0;0;0;50;False
urban;-871.4619;-2646.353;17.7934;0;0;0;50;False
urban;-1055.512;-2550.776;19.18793;0;0;0;50;False
urban;-984.0893;-2427.734;19.19403;0;0;0;50;False
urban;-990.6821;-2472.227;12.79779;0;0;0;50;False
urban;-847.2881;-2568.353;12.75665;0;0;0;50;False
urban;-885.1969;-2425.537;12.76813;0;0;0;50;False
urban;-847.8375;-2445.311;12.79633;0;0;0;50;False
urban;-935.1925;-2462.339;12.83069;0;0;0;50;False
urban;-857.7268;-2506.283;12.83057;0;0;0;50;False
urban;-974.7495;-2523.86;12.83081;0;0;0;50;False
urban;-892.8885;-2572.198;12.83057;0;0;0;50;False
urban;-912.1176;-2299.74;19.04901;0;0;0;50;False
urban;-821.4662;-2216.797;16.28986;0;0;0;50;False
urban;-750.0439;-2156.375;13.31726;0;0;0;50;False
urban;-679.1711;-1914.685;35.49561;0;0;0;50;False
urban;-524.789;-1912.488;26.4552;0;0;0;50;False
urban;-495.1213;-1965.22;30.96118;0;0;0;50;False
urban;-648.9539;-2047.614;26.36987;0;0;0;50;False
urban;-585.2233;-1980.051;26.25317;0;0;0;50;False
urban;-744.5499;-1833.939;26.47937;0;0;0;50;False
urban;-751.1428;-2359.688;13.94934;0;0;0;50;False
urban;-819.8181;-2287.181;8.320496;0;0;0;50;False
urban;-800.0396;-2366.279;13.5708;0;0;0;50;False
urban;-295.6883;-2116.777;21.29602;0;0;0;50;False
urban;-155.5907;-2090.411;24.60864;0;0;0;50;False
urban;1.538326;-2039.326;17.44812;0;0;0;50;False
urban;135.5925;-2044.27;17.38873;0;0;0;50;False
urban;231.7379;-2076.678;16.8764;0;0;0;50;False
urban;363.045;-2210.73;11.3222;0;0;0;50;False
urban;408.096;-2133.279;17.13916;0;0;0;50;False
urban;366.3414;-1923.449;23.60211;0;0;0;50;False
urban;294.3697;-2002.547;19.42963;0;0;0;50;False
urban;219.1016;-1941.576;21.48309;0;0;0;50;False
urban;277.8877;-1874.012;25.89899;0;0;0;50;False
urban;332.2785;-2504.029;4.637695;0;0;0;50;False
urban;353.1558;-2321.663;10.19257;0;0;0;50;False
urban;266.8996;-2531.001;4.853027;0;0;0;50;False
urban;168.5566;-2411.805;5.524231;0;0;0;50;False
urban;160.865;-2549.128;5.004639;0;0;0;50;False
urban;127.3514;-2602.959;5.004639;0;0;0;50;False
urban;-233.6058;-2404.115;5.001465;0;0;0;50;False
urban;-44.61146;-2398.622;5.000061;0;0;0;50;False
urban;-138.0098;-2400.27;4.999756;0;0;0;50;False
urban;-94.05766;-2438.72;5.004395;0;0;0;50;False
urban;-181.4126;-2444.762;5.002441;0;0;0;50;False
urban;-251.7361;-2544.734;5.00061;0;0;0;50;False
urban;-269.8664;-2615.593;5.049866;0;0;0;50;False
urban;-191.8513;-2618.889;5.001465;0;0;0;50;False
urban;-191.8513;-2544.185;5.001343;0;0;0;50;False
urban;-348.9803;-2697.987;5.050293;0;0;0;50;False
urban;-536.8759;-2867.17;5.000305;0;0;0;50;False
urban;-506.6588;-2930.339;5.000305;0;0;0;50;False
urban;-400.6241;-2825.423;5.000427;0;0;0;50;False
urban;-470.9476;-2795.761;5.000427;0;0;0;50;False
urban;-367.66;-2749.621;5.045593;0;0;0;50;False
urban;-351.7273;-2607.903;5.000244;0;0;0;50;False
urban;-454.4655;-2439.269;5.000732;0;0;0;50;False
urban;-383.0432;-2500.79;5.000854;0;0;0;50;False
urban;-79.22381;-2623.832;5.000793;0;0;0;50;False
urban;38.89768;-2547.48;5.000061;0;0;0;50;False
urban;-59.99472;-2484.861;5.033325;0;0;0;50;False
urban;-21.53657;-2513.973;5.03302;0;0;0;50;False
urban;37.79887;-2456.847;5.006836;0;0;0;50;False
urban;-12.74613;-2420.044;5.003906;0;0;0;50;False
urban;-34.72222;-2454.1;5.006165;0;0;0;50;False
urban;18.02039;-2485.41;5.006775;0;0;0;50;False
urban;68.016;-2521.664;5.002625;0;0;0;50;False
urban;164.1614;-2477.72;4.987732;0;0;0;50;False
urban;239.9789;-2405.762;5.658691;0;0;0;50;False
urban;243.2753;-2478.269;5.16394;0;0;0;50;False
urban;271.2948;-2717.762;5.020508;0;0;0;50;False
urban;250.9669;-2811.691;5.018616;0;0;0;50;False
urban;228.4415;-2914.958;4.960632;0;0;0;50;False
urban;196.0267;-2798.508;12.75659;0;0;0;50;False
urban;191.6315;-2866.071;8.273254;0;0;0;50;False
urban;235.5837;-2734.79;16.43567;0;0;0;50;False
urban;191.6315;-2994.057;4.753967;0;0;0;50;False
urban;287.7769;-3326.38;4.804565;0;0;0;50;False
urban;159.7662;-3330.774;5.018799;0;0;0;50;False
urban;292.1721;-3230.802;4.874512;0;0;0;50;False
urban;303.7096;-3152.253;4.632996;0;0;0;50;False
urban;264.1526;-3101.169;4.727478;0;0;0;50;False
urban;294.3697;-3045.141;4.913635;0;0;0;50;False
urban;217.4534;-3058.324;4.75647;0;0;0;50;False
urban;189.9833;-3111.606;4.785706;0;0;0;50;False
urban;177.347;-3167.084;4.601318;0;0;0;50;False
urban;177.8965;-3257.169;4.595764;0;0;0;50;False
urban;119.6598;-2828.67;5.000244;0;0;0;50;False
urban;432.2697;-2501.254;13.28632;0;0;0;50;False
urban;617.9677;-2498.508;15.9931;0;0;0;50;False
urban;458.641;-2407.325;10.93073;0;0;0;50;False
urban;772.8991;-2448.633;19.31586;0;0;0;50;False
urban;722.3541;-2422.816;19.02356;0;0;0;50;False
urban;734.4409;-2570.027;18.15576;0;0;0;50;False
urban;668.5126;-2768.366;5.172913;0;0;0;50;False
urban;588.2999;-2583.803;5.118042;0;0;0;50;False
urban;638.8449;-2683.775;5.099548;0;0;0;50;False
urban;737.7374;-2707.944;6.322632;0;0;0;50;False
urban;723.4529;-2795.281;5.38092;0;0;0;50;False
urban;726.1999;-2921.07;4.938354;0;0;0;50;False
urban;777.8437;-3029.83;4.80127;0;0;0;50;False
urban;714.6625;-3105.633;15.54926;0;0;0;50;False
urban;715.2119;-3246.802;18.21124;0;0;0;50;False
urban;805.3138;-3322.055;14.17694;0;0;0;50;False
urban;974.5297;-3326.449;5.270691;0;0;0;50;False
urban;1156.931;-3312.726;4.927856;0;0;0;50;False
urban;1291.535;-3339.641;4.901917;0;0;0;50;False
urban;1290.985;-3069.388;4.906616;0;0;0;50;False
urban;1209.674;-3341.839;4.801453;0;0;0;50;False
urban;1254.725;-3216.599;4.800049;0;0;0;50;False
urban;1169.568;-3219.346;4.799744;0;0;0;50;False
urban;1075.62;-3216.05;4.901062;0;0;0;50;False
urban;1077.817;-3164.966;4.900696;0;0;0;50;False
urban;978.9249;-3170.459;4.900757;0;0;0;50;False
urban;883.8784;-3168.261;4.900818;0;0;0;50;False
urban;884.4277;-3220.445;4.900696;0;0;0;50;False
urban;883.3289;-3111.684;4.900879;0;0;0;50;False
urban;977.8261;-3114.431;4.900879;0;0;0;50;False
urban;1076.719;-3115.529;4.900696;0;0;0;50;False
urban;1076.169;-3057.304;4.901123;0;0;0;50;False
urban;980.0237;-3061.698;4.900818;0;0;0;50;False
urban;882.2302;-3061.698;4.900696;0;0;0;50;False
urban;805.8632;-3062.797;4.900879;0;0;0;50;False
urban;803.1162;-3108.938;4.900879;0;0;0;50;False
urban;884.4277;-3004.572;4.900818;0;0;0;50;False
urban;882.2302;-2954.586;4.900818;0;0;0;50;False
urban;834.4321;-2957.333;4.90094;0;0;0;50;False
urban;831.6851;-3002.375;4.901428;0;0;0;50;False
urban;977.8261;-3005.67;4.900696;0;0;0;50;False
urban;1077.817;-2955.685;4.901123;0;0;0;50;False
urban;1077.817;-3005.67;4.901123;0;0;0;50;False
urban;1126.714;-2952.389;4.901245;0;0;0;50;False
urban;956.9489;-2954.586;4.901245;0;0;0;50;False
urban;912.4473;-2954.586;4.900818;0;0;0;50;False
urban;1018.482;-2955.135;4.900879;0;0;0;50;False
urban;1190.445;-2960.628;4.902039;0;0;0;50;False
urban;1194.291;-3002.924;4.902161;0;0;0;50;False
urban;1192.093;-3055.107;4.902161;0;0;0;50;False
urban;1159.678;-3113.332;4.801025;0;0;0;50;False
urban;1161.326;-3168.261;4.811157;0;0;0;50;False
urban;1209.674;-3088.614;4.801758;0;0;0;50;False
urban;898.7122;-2454.638;27.45428;0;0;0;50;False
urban;1025.075;-2465.074;27.46051;0;0;0;50;False
urban;1044.304;-2268.427;29.42798;0;0;0;50;False
urban;919.0401;-2250.85;29.56506;0;0;0;50;False
urban;909.7003;-2364.004;29.53125;0;0;0;50;False
urban;1037.711;-2379.385;29.47485;0;0;0;50;False
urban;458.641;-3010.099;5.044434;0;0;0;50;False
urban;457.5422;-2951.325;5.044434;0;0;0;50;False
urban;517.4271;-2949.677;5.044373;0;0;0;50;False
urban;519.6246;-2977.142;5.044434;0;0;0;50;False
urban;454.7952;-2979.888;5.044373;0;0;0;50;False
urban;522.3716;-3015.592;5.0448;0;0;0;50;False
urban;597.6398;-3013.944;5.045166;0;0;0;50;False
urban;595.9916;-2977.691;5.045227;0;0;0;50;False
urban;594.3434;-2948.029;5.045227;0;0;0;50;False
urban;661.9199;-2948.578;5.045288;0;0;0;50;False
urban;651.4812;-2981.536;5.045288;0;0;0;50;False
urban;661.9199;-3009.001;5.045166;0;0;0;50;False
urban;456.4434;-3039.212;5.069702;0;0;0;50;False
urban;478.4195;-3367.69;5.069824;0;0;0;50;False
urban;360.8474;-2644.698;5.221619;0;0;0;50;False
urban;218.5522;-2585.374;5.215576;0;0;0;50;False
urban;930.5775;-2082.148;29.59009;0;0;0;50;False
urban;778.9425;-2066.768;28.36731;0;0;0;50;False
urban;1066.829;-2073.908;32.48682;0;0;0;50;False
urban;944.862;-1958.557;29.5636;0;0;0;50;False
urban;955.3007;-1764.106;30.28821;0;0;0;50;False
urban;949.8066;-1881.106;30.08868;0;0;0;50;False
urban;1108.034;-1861.331;36.3642;0;0;0;50;False
urban;1182.753;-1837.162;36.3595;0;0;0;50;False
urban;1139.35;-1722.36;34.71228;0;0;0;50;False
urban;1066.829;-1749.275;34.74628;0;0;0;50;False
urban;837.1791;-1749.275;28.4978;0;0;0;50;False
urban;649.833;-2043.161;28.2724;0;0;0;50;False
urban;501.4944;-2042.611;25.17346;0;0;0;50;False
urban;427.8745;-1987.682;22.15924;0;0;0;50;False
urban;436.1155;-2102.506;20.08484;0;0;0;50;False
urban;391.6139;-2069.548;19.49835;0;0;0;50;False
urban;1354.167;-2008.017;50.47057;0;0;0;50;False
urban;1409.107;-1952.538;64.49329;0;0;0;50;False
urban;1416.799;-1761.933;64.91553;0;0;0;50;False
urban;1302.523;-1788.299;48.22241;0;0;0;50;False
urban;1369.55;-2036.031;51.04352;0;0;0;50;False
urban;1344.827;-2179.397;57.39655;0;0;0;50;False
urban;1375.593;-2309.579;60.58887;0;0;0;50;False
urban;1356.364;-2236.523;59.79993;0;0;0;50;False
urban;1442.62;-2206.312;61.00079;0;0;0;50;False
urban;1436.577;-2144.791;58.99792;0;0;0;50;False
urban;1437.676;-2036.031;56.0224;0;0;0;50;False
urban;1479.98;-1994.284;68.7522;0;0;0;50;False
urban;1430.534;-1988.242;64.367;0;0;0;50;False
urban;1507.999;-1978.355;69.88092;0;0;0;50;False
urban;1516.79;-2034.383;76.38885;0;0;0;50;False
urban;1603.046;-2061.848;78.09723;0;0;0;50;False
urban;1557.995;-2219.495;77.60657;0;0;0;50;False
urban;1558.544;-2290.904;84.63818;0;0;0;50;False
urban;1490.968;-2265.087;68.43048;0;0;0;50;False
urban;1440.972;-2328.805;65.88867;0;0;0;50;False
urban;1458.553;-2417.136;65.74353;0;0;0;50;False
urban;1356.364;-2554.46;46.64801;0;0;0;50;False
urban;1536.568;-2498.432;58.83905;0;0;0;50;False
urban;1521.185;-2410.545;69.89429;0;0;0;50;False
urban;1615.682;-2481.953;77.43311;0;0;0;50;False
urban;1654.14;-2335.841;96.84625;0;0;0;50;False
urban;1628.868;-2214.996;105.9847;0;0;0;50;False
urban;1642.053;-2126.01;100.9305;0;0;0;50;False
urban;1154.734;-2078.337;41.08289;0;0;0;50;False
urban;1669.524;-2059.112;98.08929;0;0;0;50;False
urban;1679.413;-1994.295;105.6241;0;0;0;50;False
urban;1643.702;-1943.76;104.551;0;0;0;50;False
urban;1705.784;-1926.183;113.9842;0;0;0;50;False
urban;1611.287;-1910.802;100.1165;0;0;0;50;False
urban;1543.161;-1903.112;77.87476;0;0;0;50;False
urban;1707.982;-1870.704;107.7424;0;0;0;50;False
urban;1620.077;-1848.183;100.3463;0;0;0;50;False
urban;1496.462;-1847.634;70.22821;0;0;0;50;False
urban;1504.703;-1797.098;77.64752;0;0;0;50;False
urban;1475.035;-1797.648;69.73938;0;0;0;50;False
urban;1460.201;-1698.775;65.7337;0;0;0;50;False
urban;1529.975;-1697.676;80.1413;0;0;0;50;False
urban;1592.607;-1767.437;87.0827;0;0;0;50;False
urban;1672.82;-1819.62;107.7615;0;0;0;50;False
urban;1694.247;-1775.676;110.7567;0;0;0;50;False
urban;1419.546;-1639.365;59.45447;0;0;0;50;False
urban;1388.779;-1613.548;55.57062;0;0;0;50;False
urban;1475.585;-1635.52;68.95825;0;0;0;50;False
urban;1408.557;-1584.435;56.09991;0;0;0;50;False
urban;1521.734;-1592.675;73.17706;0;0;0;50;False
urban;1533.821;-1530.055;75.66364;0;0;0;50;False
urban;1561.291;-1481.168;78.90607;0;0;0;50;False
urban;1594.805;-1440.52;80.70917;0;0;0;50;False
urban;1640.405;-1375.154;82.30884;0;0;0;50;False
urban;1698.642;-1335.056;84.83661;0;0;0;50;False
urban;1770.064;-1303.746;93.91608;0;0;0;50;False
urban;1817.313;-1321.323;95.3587;0;0;0;50;False
urban;1814.016;-1266.943;94.98267;0;0;0;50;False
urban;1795.337;-1374.056;102.4387;0;0;0;50;False
urban;1751.934;-1402.619;111.8259;0;0;0;50;False
urban;1575.576;-1613.548;87.52533;0;0;0;50;False
urban;1617.88;-1574.548;99.19958;0;0;0;50;False
urban;1659.634;-1541.041;111.748;0;0;0;50;False
urban;1666.227;-1602.562;111.1583;0;0;0;50;False
urban;1686.006;-1486.661;111.8221;0;0;0;50;False
urban;1717.871;-1431.731;111.8798;0;0;0;50;False
urban;1777.756;-1482.267;111.7347;0;0;0;50;False
urban;1765.669;-1550.379;111.5195;0;0;0;50;False
urban;1778.855;-1613.548;111.3424;0;0;0;50;False
urban;1771.712;-1667.379;111.5612;0;0;0;50;False
urban;1741.495;-1704.182;111.6133;0;0;0;50;False
urban;1655.239;-1730.548;111.2601;0;0;0;50;False
urban;1650.844;-1657.491;111.3558;0;0;0;50;False
urban;1605.244;-1659.689;86.9212;0;0;0;50;False
urban;1624.473;-1711.872;87.06201;0;0;0;50;False
urban;1870.055;-1160.287;86.77655;0;0;0;50;False
urban;1888.735;-1052.076;78.66901;0;0;0;50;False
urban;1946.972;-1014.724;82.76807;0;0;0;50;False
urban;1947.521;-944.9634;78.04907;0;0;0;50;False
urban;1831.048;-1081.283;78.98108;0;0;0;50;False
urban;1791.491;-1210.916;82.64148;0;0;0;50;False
urban;1655.239;-1333.958;82.70514;0;0;0;50;False
urban;1558.544;-1430.634;76.35699;0;0;0;50;False
urban;1460.201;-1514.695;62.95416;0;0;0;50;False
urban;1299.226;-1549.301;47.61682;0;0;0;50;False
urban;1334.388;-1609.723;51.49103;0;0;0;50;False
urban;1158.03;-1703.103;34.26007;0;0;0;50;False
urban;1223.958;-1618.512;48.95795;0;0;0;50;False
urban;1211.871;-1763.526;38.94647;0;0;0;50;False
urban;1383.285;-1695.963;61.56097;0;0;0;50;False
urban;1300.325;-1721.779;53.11584;0;0;0;50;False
urban;1268.46;-1660.808;46.30939;0;0;0;50;False
urban;1433.281;-1870.05;70.70355;0;0;0;50;False
urban;1255.824;-1435.573;34.10767;0;0;0;50;False
urban;1242.638;-1357.024;34.18408;0;0;0;50;False
urban;1251.978;-1251.01;34.47217;0;0;0;50;False
urban;1196.488;-1103.25;38.51788;0;0;0;50;False
urban;1167.919;-1009.32;43.84021;0;0;0;50;False
urban;1160.777;-944.5034;47.73053;0;0;0;50;False
urban;1169.018;-847.2783;53.62714;0;0;0;50;False
urban;-132.5158;-2133.231;15.70483;0;0;0;50;False
urban;-46.25967;-2105.766;15.7049;0;0;0;50;False
urban;-231.4082;-2197.498;9.294922;0;0;0;50;False
urban;-131.9664;-2167.836;9.341492;0;0;0;50;False
urban;-40.76565;-2134.329;9.322266;0;0;0;50;False
urban;3.735935;-2085.991;9.360535;0;0;0;50;False
urban;-281.9532;-2177.174;9.248108;0;0;0;50;False
urban;-379.7468;-2150.808;9.339294;0;0;0;50;False
urban;-497.3189;-2136.526;8.13855;0;0;0;50;False
urban;-407.2169;-2074.482;25.75433;0;0;0;50;False
urban;-196.2465;-2159.623;15.70496;0;0;0;50;False
urban;-153.9425;-2010.215;21.87677;0;0;0;50;False
urban;-62.74174;-2010.215;17.01691;0;0;0;50;False
urban;-158.8871;-1925.074;23.67413;0;0;0;50;False
urban;-33.62342;-1983.299;13.38196;0;0;0;50;False
urban;-102.2987;-1958.581;19.70233;0;0;0;50;False
urban;-249.5385;-1822.905;28.21649;0;0;0;50;False
urban;-213.278;-1871.243;27.54877;0;0;0;50;False
urban;-323.1584;-1826.201;23.28436;0;0;0;50;False
urban;-468.2006;-1881.131;17.21759;0;0;0;50;False
urban;-206.1357;-1796.539;28.85535;0;0;0;50;False
urban;-129.2194;-1738.314;29.13745;0;0;0;50;False
urban;-166.0294;-1770.723;28.87866;0;0;0;50;False
urban;-366.5612;-1682.282;17.76703;0;0;0;50;False
urban;-336.8935;-1619.653;18.8819;0;0;0;50;False
urban;684.9948;-1731.131;28.36185;0;0;0;50;False
urban;531.7115;-1684.441;28.40808;0;0;0;50;False
urban;599.8374;-1718.497;28.27551;0;0;0;50;False
urban;602.5844;-1650.385;24.34735;0;0;0;50;False
urban;480.0677;-1636.103;28.38049;0;0;0;50;False
urban;493.2533;-1753.103;27.5968;0;0;0;50;False
urban;470.1784;-1825.06;26.96613;0;0;0;50;False
urban;510.8342;-1899.764;24.49866;0;0;0;50;False
urban;419.6335;-1874.497;25.71051;0;0;0;50;False
urban;459.1904;-1926.13;23.86432;0;0;0;50;False
urban;571.8179;-1855.821;23.81696;0;0;0;50;False
urban;594.3434;-1772.877;20.72748;0;0;0;50;False
urban;380.6259;-1754.751;28.30902;0;0;0;50;False
urban;423.4792;-1791.004;27.73621;0;0;0;50;False
urban;454.2458;-1732.779;27.89099;0;0;0;50;False
urban;436.6649;-1686.089;28.33374;0;0;0;50;False
urban;384.4717;-1831.103;27.35535;0;0;0;50;False
urban;263.0538;-1965.13;21.74255;0;0;0;50;False
urban;102.6283;-1939.861;19.80377;0;0;0;50;False
urban;60.32437;-1900.312;20.67188;0;0;0;50;False
urban;98.23312;-1859.115;23.67798;0;0;0;50;False
urban;163.0626;-1780.566;27.97595;0;0;0;50;False
urban;-35.82103;-1820.664;25.30994;0;0;0;50;False
urban;-18.24015;-1740.467;28.30298;0;0;0;50;False
urban;32.85426;-1723.988;28.30298;0;0;0;50;False
urban;-29.2282;-1708.059;28.34424;0;0;0;50;False
urban;45.49051;-1681.143;28.33386;0;0;0;50;False
urban;-34.17282;-1615.777;28.36786;0;0;0;50;False
urban;-127.5712;-1536.13;33.19489;0;0;0;50;False
urban;-181.962;-1603.144;33.15436;0;0;0;50;False
urban;-180.8632;-1687.186;32.24072;0;0;0;50;False
urban;839.9261;-1635.532;29.6398;0;0;0;50;False
urban;839.3768;-1556.434;28.85437;0;0;0;50;False
urban;799.8198;-1439.434;26.22461;0;0;0;50;False
urban;863.001;-1432.843;28.06989;0;0;0;50;False
urban;963.5417;-1435.04;30.40741;0;0;0;50;False
urban;730.0457;-1432.843;30.25024;0;0;0;50;False
urban;624.011;-1435.589;29.50403;0;0;0;50;False
urban;530.6127;-1430.646;28.35095;0;0;0;50;False
urban;525.6681;-1509.744;28.33356;0;0;0;50;False
urban;553.6876;-1542.702;28.31268;0;0;0;50;False
urban;597.0904;-1574.561;26.50378;0;0;0;50;False
urban;402.602;-1574.011;28.34448;0;0;0;50;False
urban;363.5944;-1539.955;28.31146;0;0;0;50;False
urban;324.0374;-1513.589;28.33911;0;0;0;50;False
urban;386.1199;-1478.434;28.34161;0;0;0;50;False
urban;474.5737;-1429.547;28.34149;0;0;0;50;False
urban;275.1407;-1671.231;28.37335;0;0;0;50;False
urban;192.7303;-1594.33;28.34875;0;0;0;50;False
urban;260.8562;-1550.386;28.34448;0;0;0;50;False
urban;126.2526;-1626.189;28.34479;0;0;0;50;False
urban;58.67616;-1504.245;28.33624;0;0;0;50;False
urban;26.26143;-1554.781;28.34442;0;0;0;50;False
urban;14.72398;-1628.386;28.34845;0;0;0;50;False
urban;-82.52022;-1678.921;28.34656;0;0;0;50;False
urban;-69.88396;-1473.432;31.12775;0;0;0;50;False
urban;12.52637;-1465.742;29.57959;0;0;0;50;False
urban;338.8713;-1324.037;31.30353;0;0;0;50;False
urban;292.7215;-1378.417;30.56934;0;0;0;50;False
urban;239.9789;-1444.881;28.33905;0;0;0;50;False
urban;155.371;-1394.346;28.30499;0;0;0;50;False
urban;117.4622;-1438.839;28.34222;0;0;0;50;False
urban;216.3546;-1300.966;28.33862;0;0;0;50;False
urban;411.9418;-1385.558;28.68939;0;0;0;50;False
urban;391.6139;-1260.318;31.41931;0;0;0;50;False
urban;500.945;-1260.318;28.32867;0;0;0;50;False
urban;527.3163;-1333.924;28.31042;0;0;0;50;False
urban;98.23312;-1362.487;28.34619;0;0;0;50;False
urban;-98.45288;-1361.938;28.45068;0;0;0;50;False
urban;-8.900316;-1363.037;28.3634;0;0;0;50;False
urban;-153.3931;-1386.107;29.00208;0;0;0;50;False
urban;-193.4995;-1473.445;30.65125;0;0;0;50;False
urban;-351.1779;-1426.194;28.5191;0;0;0;50;False
urban;-513.2516;-1403.124;28.20636;0;0;0;50;False
urban;-514.3504;-1321.279;27.84088;0;0;0;50;False
urban;-483.0345;-1249.321;23.31635;0;0;0;50;False
urban;-499.5165;-1160.335;18.85376;0;0;0;50;False
urban;-458.8607;-1105.406;27.38202;0;0;0;50;False
urban;-341.8381;-1133.969;26.29974;0;0;0;50;False
urban;-272.6134;-1137.814;22.10388;0;0;0;50;False
urban;-176.468;-1140.561;22.15552;0;0;0;50;False
urban;-96.80468;-1138.913;24.8327;0;0;0;50;False
urban;-14.39434;-1134.519;26.43201;0;0;0;50;False
urban;-104.4963;-1269.645;28.34808;0;0;0;50;False
urban;739.9349;-2290.41;27.35555;0;0;0;50;False
urban;749.8242;-2177.256;28.34106;0;0;0;50;False
urban;333.9267;-1807.478;27.13899;0;0;0;50;False
urban;234.4849;-1720.689;28.09094;0;0;0;50;False
urban;117.4622;-1720.14;28.14252;0;0;0;50;False
urban;237.2319;-1813.52;26.30029;0;0;0;50;False
urban;-186.9066;-890.0694;28.34062;0;0;0;50;False
urban;-281.9532;-855.4638;30.76434;0;0;0;50;False
urban;-257.7795;-770.8725;31.62781;0;0;0;50;False
urban;-224.266;-679.6896;32.52026;0;0;0;50;False
urban;-125.3736;-723.0839;33.82092;0;0;0;50;False
urban;-149.5473;-791.7457;31.09888;0;0;0;50;False
urban;-37.46923;-944.9988;28.42065;0;0;0;50;False
urban;2.637131;-844.478;29.69727;0;0;0;50;False
urban;32.85426;-768.6753;43.23407;0;0;0;50;False
urban;-50.65489;-778.0133;43.15216;0;0;0;50;False
urban;-114.3856;-916.4355;28.34943;0;0;0;50;False
urban;-227.013;-1006.52;28.33936;0;0;0;50;False
urban;-250.6373;-1066.393;25.00214;0;0;0;50;False
urban;-201.1911;-933.4636;28.34351;0;0;0;50;False
urban;-53.4019;-1003.224;28.11383;0;0;0;50;False
urban;-77.5756;-1070.238;26.21002;0;0;0;50;False
urban;81.75105;-1065.294;28.41266;0;0;0;50;False
urban;103.1777;-999.379;28.39911;0;0;0;50;False
urban;36.70007;-973.0128;28.40771;0;0;0;50;False
urban;169.106;-1024.097;28.37671;0;0;0;50;False
urban;224.5956;-1042.224;28.36737;0;0;0;50;False
urban;129.5491;-1068.59;28.19244;0;0;0;50;False
urban;-330.3006;-1002.675;29.38544;0;0;0;50;False
urban;-331.9489;-905.9989;30.07904;0;0;0;50;False
urban;247.6705;-964.2234;28.32172;0;0;0;50;False
urban;267.449;-911.4911;28.03442;0;0;0;50;False
urban;290.5239;-853.8152;28.17761;0;0;0;50;False
urban;230.6391;-838.9843;29.18945;0;0;0;50;False
urban;172.9518;-816.4632;30.16919;0;0;0;50;False
urban;99.33192;-793.9421;30.51654;0;0;0;50;False
urban;146.5805;-907.6461;29.2674;0;0;0;50;False
urban;319.6422;-758.2009;28.34534;0;0;0;50;False
urban;353.1558;-665.9194;28.3399;0;0;0;50;False
urban;243.2753;-621.4266;40.35779;0;0;0;50;False
urban;107.0236;-573.0886;42.67285;0;0;0;50;False
urban;75.15823;-678.0039;43.27039;0;0;0;50;False
urban;94.93671;-619.2294;43.27032;0;0;0;50;False
urban;38.89768;-601.652;30.6286;0;0;0;50;False
urban;-66.03815;-544.5253;39.02393;0;0;0;50;False
urban;-90.21185;-620.8773;35.31354;0;0;0;50;False
urban;-38.56804;-483.0044;39.4707;0;0;0;50;False
urban;128.4502;-505.5254;42.16522;0;0;0;50;False
urban;287.2275;-520.3564;42.30286;0;0;0;50;False
urban;410.2936;-575.8351;27.76343;0;0;0;50;False
urban;506.9884;-677.4546;24.29675;0;0;0;50;False
urban;500.3956;-823.5669;23.92273;0;0;0;50;False
urban;409.7442;-821.3698;28.30664;0;0;0;50;False
urban;404.7996;-746.1164;28.30157;0;0;0;50;False
urban;404.2502;-676.356;28.29376;0;0;0;50;False
urban;456.4434;-674.7081;26.87488;0;0;0;50;False
urban;505.3402;-748.8629;23.91302;0;0;0;50;False
urban;402.0526;-951.5525;28.44299;0;0;0;50;False
urban;329.5315;-957.0455;28.33862;0;0;0;50;False
urban;456.4434;-951.5525;27.3045;0;0;0;50;False
urban;496.5497;-955.3976;26.12994;0;0;0;50;False
urban;498.7474;-904.8625;24.96472;0;0;0;50;False
urban;497.6486;-1013.623;26.94977;0;0;0;50;False
urban;499.2968;-1133.918;28.4483;0;0;0;50;False
urban;398.2068;-1129.524;28.43158;0;0;0;50;False
urban;301.512;-1131.172;28.44769;0;0;0;50;False
urban;305.3578;-1056.468;28.22992;0;0;0;50;False
urban;394.3609;-1048.778;28.33771;0;0;0;50;False
urban;404.7996;-857.6138;28.33905;0;0;0;50;False
urban;514.6801;-851.0223;38.91492;0;0;0;50;False
urban;591.5963;-851.0223;40.36115;0;0;0;50;False
urban;464.6844;-1047.12;32.23096;0;0;0;50;False
urban;592.1458;-1015.261;35.84814;0;0;0;50;False
urban;694.3345;-1019.106;32.53076;0;0;0;50;False
urban;784.986;-1043.816;40.49219;0;0;0;50;False
urban;687.1923;-1099.295;40.73865;0;0;0;50;False
urban;864.0999;-1091.056;36.09424;0;0;0;50;False
urban;789.3812;-1102.042;27.98712;0;0;0;50;False
urban;966.8381;-1075.676;37.30682;0;0;0;50;False
urban;990.4624;-991.0842;40.97382;0;0;0;50;False
urban;878.9337;-1000.971;30.901;0;0;0;50;False
urban;779.4919;-1004.267;25.1366;0;0;0;50;False
urban;783.3377;-933.4082;24.67285;0;0;0;50;False
urban;775.6461;-848.2676;42.4046;0;0;0;50;False
urban;928.9293;-841.676;42.71289;0;0;0;50;False
urban;967.9369;-919.6758;41.87195;0;0;0;50;False
urban;1031.118;-839.4789;47.5827;0;0;0;50;False
urban;1117.374;-835.6338;52.24646;0;0;0;50;False
urban;775.6461;-775.7607;25.5177;0;0;0;50;False
urban;776.1955;-688.9722;27.82385;0;0;0;50;False
urban;866.2975;-765.3242;37.77045;0;0;0;50;False
urban;825.6417;-714.2397;29.32013;0;0;0;50;False
urban;777.2943;-580.2119;29.93658;0;0;0;50;False
urban;782.7883;-520.3388;33.74933;0;0;0;50;False
urban;731.6939;-446.7334;36.99225;0;0;0;50;False
urban;671.8091;-407.7335;40.75244;0;0;0;50;False
urban;755.3182;-348.955;45.19525;0;0;0;50;False
urban;839.9261;-334.124;56.92676;0;0;0;50;False
urban;926.7317;-324.2367;65.53857;0;0;0;50;False
urban;758.0652;-281.3918;58.88538;0;0;0;50;False
urban;808.6102;-269.8566;65.09436;0;0;0;50;False
urban;855.8588;-304.4621;64.60907;0;0;0;50;False
urban;-1822.477;-432.4424;42.41583;0;0;0;50;False
urban;-1870.275;-393.4425;46.4259;0;0;0;50;False
urban;-1912.579;-358.2877;48.00153;0;0;0;50;False
urban;-1909.283;-290.7245;48.09229;0;0;0;50;False
urban;-1799.402;-314.8934;42.49445;0;0;0;50;False
urban;-1916.425;-187.4571;34.74023;0;0;0;50;False
urban;-1842.805;-242.3866;39.14014;0;0;0;50;False
urban;-2094.431;-200.0909;20.11407;0;0;0;50;False
urban;-2043.337;-269.302;22.38593;0;0;0;50;False
urban;-2009.823;-167.1332;27.55505;0;0;0;50;False
urban;-2156.514;-272.0485;12.42181;0;0;0;50;False
urban;-2095.53;-301.1611;12.03479;0;0;0;50;False
urban;-2095.53;-371.4707;11.63342;0;0;0;50;False
urban;-2170.798;-334.1187;12.1778;0;0;0;50;False
urban;-1380.758;-801.6104;18.40712;0;0;0;50;False
urban;-1630.186;-989.4691;12.01758;0;0;0;50;False
urban;-1796.655;-1181.173;12.01752;0;0;0;50;False
urban;-1725.233;-1094.384;12.01752;0;0;0;50;False
urban;-1670.842;-1034.511;12.10541;0;0;0;50;False
urban;-1596.123;-1018.582;12.01886;0;0;0;50;False
urban;-1480.2;-1071.863;2.585938;0;0;0;50;False
urban;-1432.401;-1106.453;2.457764;0;0;0;50;False
urban;-1417.568;-1183.354;1.821411;0;0;0;50;False
urban;-1409.327;-1258.607;3.479736;0;0;0;50;False
urban;-1352.189;-1331.664;3.478394;0;0;0;50;False
urban;-1400.536;-1388.79;2.557007;0;0;0;50;False
urban;-1380.208;-1449.762;3.201965;0;0;0;50;False
urban;-1332.41;-1445.917;3.313721;0;0;0;50;False
urban;-1303.292;-1502.494;3.313721;0;0;0;50;False
urban;-1243.407;-1468.438;3.258301;0;0;0;50;False
urban;-1254.945;-1516.227;3.328613;0;0;0;50;False
urban;-1368.121;-1518.424;3.427734;0;0;0;50;False
urban;-1331.312;-1586.536;3.413452;0;0;0;50;False
urban;-1292.304;-1650.254;3.469177;0;0;0;50;False
urban;-1254.945;-1701.888;3.469177;0;0;0;50;False
urban;-1196.159;-1701.888;3.469177;0;0;0;50;False
urban;-1230.222;-1648.057;3.155212;0;0;0;50;False
urban;-1236.265;-1564.564;3.195251;0;0;0;50;False
urban;-1140.12;-1674.423;3.419128;0;0;0;50;False
urban;-1130.23;-1650.254;3.2677;0;0;0;50;False
urban;-1369.22;-697.6923;23.79332;0;0;0;50;False
urban;-1449.433;-602.6643;29.90057;0;0;0;50;False
urban;-1266.482;-734.4949;20.80469;0;0;0;50;False
urban;-1171.985;-729.002;19.53778;0;0;0;50;False
urban;-2018.064;-382.3972;10.07513;0;0;0;50;False
urban;-1742.814;-559.27;36.44482;0;0;0;50;False
urban;-1830.718;-504.8899;27.57611;0;0;0;50;False
urban;-1925.215;-440.0732;19.60522;0;0;0;50;False
urban;-1770.833;-274.718;44.97388;0;0;0;50;False
urban;-1811.489;-232.9717;44.74811;0;0;0;50;False
urban;-1753.252;-189.0281;56.50635;0;0;0;50;False
urban;-1688.423;-213.1971;56.53412;0;0;0;50;False
urban;-1702.707;-151.6761;56.50946;0;0;0;50;False
urban;-1643.921;-129.155;57.91711;0;0;0;50;False
urban;-1615.353;-180.2394;54.64008;0;0;0;50;False
urban;-1708.751;-303.2814;50.81238;0;0;0;50;False
urban;-1807.094;-124.7607;77.7865;0;0;0;50;False
urban;-2166.403;-407.098;12.39569;0;0;0;50;False
urban;-2018.614;-427.9712;10.49695;0;0;0;50;False
urban;-1948.29;-499.9288;10.82428;0;0;0;50;False
urban;-1890.603;-548.816;10.73059;0;0;0;50;False
urban;-1821.378;-600.999;10.29559;0;0;0;50;False
urban;-1735.672;-685.041;9.752258;0;0;0;50;False
urban;-1620.847;-742.1676;10.36005;0;0;0;50;False
urban;-1647.218;-765.7873;8.860168;0;0;0;50;False
urban;-1704.356;-901.463;6.851257;0;0;0;50;False
urban;-1637.329;-884.4349;8.025513;0;0;0;50;False
urban;-1470.31;-834.9714;14.15381;0;0;0;50;False
urban;-1646.119;-677.8732;15.38257;0;0;0;50;False
urban;-1261.537;96.73943;55.04022;0;0;0;50;False
urban;-1327.466;109.9225;55.49329;0;0;0;50;False
urban;-1355.485;184.0772;57.29401;0;0;0;50;False
urban;-1229.123;121.4577;57.16656;0;0;0;50;False
urban;-1162.645;128.0492;59.8233;0;0;0;50;False
urban;-1123.637;167.5984;62.20795;0;0;0;50;False
urban;-1100.563;-20.80958;49.52448;0;0;0;50;False
urban;-1037.381;-51.02077;44.36206;0;0;0;50;False
urban;-1323.071;33.57057;52.55328;0;0;0;50;False
urban;-1145.614;13.24668;48.46375;0;0;0;50;False
urban;-1123.088;-75.18973;42.19836;0;0;0;50;False
urban;-1025.294;-112.5417;40.52661;0;0;0;50;False
urban;-1096.167;72.02118;53.08838;0;0;0;50;False
urban;-1248.352;35.21846;47.71979;0;0;0;50;False
urban;-1182.973;191.2181;64.24628;0;0;0;50;False
urban;-1276.921;168.697;58.36078;0;0;0;50;False
urban;-746.7476;101.6817;54.80096;0;0;0;50;False
urban;-742.3523;45.65365;46.34424;0;0;0;50;False
urban;-650.0527;48.40012;40.6532;0;0;0;50;False
urban;-651.1516;131.3436;56.19159;0;0;0;50;False
urban;-544.5675;132.9915;62.07764;0;0;0;50;False
urban;-550.611;60.4846;50.19934;0;0;0;50;False
urban;-640.7129;-3.233556;39.81201;0;0;0;50;False
urban;-831.9049;12.69598;41.85425;0;0;0;50;False
urban;-861.0232;84.65356;51.03265;0;0;0;50;False
urban;-953.8722;89.0479;50.96057;0;0;0;50;False
urban;-901.1296;29.17482;45.14197;0;0;0;50;False
urban;-997.8243;76.41414;50.89423;0;0;0;50;False
urban;-942.8842;-8.726501;43.37616;0;0;0;50;False
urban;-780.8105;98.38592;53.66632;0;0;0;50;False
urban;-864.869;135.7379;58.95306;0;0;0;50;False
urban;-818.1699;135.7379;58.17609;0;0;0;50;False
urban;-858.8256;224.1743;72.78925;0;0;0;50;False
urban;-756.6368;219.2307;74.67731;0;0;0;50;False
urban;-982.9905;270.3151;67.2735;0;0;0;50;False
urban;-1003.318;201.6533;65.76947;0;0;0;50;False
urban;-931.3467;178.0336;65.20911;0;0;0;50;False
urban;-947.8287;131.3436;56.61316;0;0;0;50;False
urban;-1086.828;265.9207;62.93048;0;0;0;50;False
urban;-1040.678;138.4844;54.44971;0;0;0;50;False
urban;-1081.883;207.1462;60.64813;0;0;0;50;False
urban;-1142.317;266.47;65.34918;0;0;0;50;False
urban;-1239.561;234.6109;63.83246;0;0;0;50;False
urban;-1335.707;226.3715;57.74371;0;0;0;50;False
urban;-1357.133;260.9771;60.58459;0;0;0;50;False
urban;-1308.237;296.1319;63.79889;0;0;0;50;False
urban;-1165.392;336.7797;68.86163;0;0;0;50;False
urban;-1191.763;403.7936;73.59338;0;0;0;50;False
urban;-1078.037;337.8783;66.05652;0;0;0;50;False
urban;-1079.136;396.1035;67.98834;0;0;0;50;False
urban;-1023.646;401.5964;70.05023;0;0;0;50;False
urban;-977.4965;365.343;71.45294;0;0;0;50;False
urban;-932.4455;340.6248;70.64966;0;0;0;50;False
urban;-923.6551;295.5826;69.81128;0;0;0;50;False
urban;-923.6551;246.6954;69.31281;0;0;0;50;False
urban;-907.173;368.0895;79.11749;0;0;0;50;False
urban;-858.8256;407.0894;86.26642;0;0;0;50;False
urban;-855.5292;435.6527;86.16766;0;0;0;50;False
urban;-948.9276;421.371;77.95575;0;0;0;50;False
urban;-1975.211;529.5718;108.2508;0;0;0;50;False
urban;-1944.444;643.8251;122.4131;0;0;0;50;False
urban;-1971.915;428.5016;97.79724;0;0;0;50;False
urban;-1962.025;330.7272;89.02722;0;0;0;50;False
urban;-1860.935;342.8117;87.62036;0;0;0;50;False
urban;-1673.04;409.8256;87.99329;0;0;0;50;False
urban;-1880.714;446.079;118.3035;0;0;0;50;False
urban;-1767.537;488.924;130.6662;0;0;0;50;False
urban;-1435.698;525.1774;117.5086;0;0;0;50;False
urban;-1355.485;622.9518;133.4755;0;0;0;50;False
urban;-1835.663;126.8939;76.44983;0;0;0;50;False
urban;-1888.955;169.7389;80.62177;0;0;0;50;False
urban;-1942.796;246.6401;83.73615;0;0;0;50;False
urban;-1797.754;84.59824;70.23218;0;0;0;50;False
urban;-1759.845;62.61913;67.18158;0;0;0;50;False
urban;-1702.158;-4.394787;63.50714;0;0;0;50;False
urban;-1640.625;-73.05659;58.17072;0;0;0;50;False
urban;-1594.475;-136.2254;55.09412;0;0;0;50;False
urban;-1520.306;-142.817;51.78387;0;0;0;50;False
urban;-1421.963;-2.197609;51.56281;0;0;0;50;False
urban;-1427.457;125.788;51.78235;0;0;0;50;False
urban;-1471.958;58.22478;52.19733;0;0;0;50;False
urban;-1535.14;48.33748;55.5271;0;0;0;50;False
urban;-1597.222;57.12619;59.40509;0;0;0;50;False
urban;-1687.324;109.3092;63.37256;0;0;0;50;False
urban;-1648.317;90.08385;62.12128;0;0;0;50;False
urban;-1669.743;73.05573;62.63611;0;0;0;50;False
urban;-1605.463;155.4499;58.93793;0;0;0;50;False
urban;-1530.195;191.154;56.73798;0;0;0;50;False
urban;-1492.286;233.4497;59.81934;0;0;0;50;False
urban;-1558.764;251.0271;58.06665;0;0;0;50;False
urban;-1600.519;296.0693;57.17169;0;0;0;50;False
urban;-1664.249;294.4214;59.98212;0;0;0;50;False
urban;-1736.221;257.0694;63.90479;0;0;0;50;False
urban;-1791.161;215.323;68.8111;0;0;0;50;False
urban;-1267.031;404.3268;73.92761;0;0;0;50;False
urban;-1347.244;391.1438;65.05762;0;0;0;50;False
urban;-1410.975;347.7495;62.0119;0;0;0;50;False
urban;-1444.488;281.2849;60.35266;0;0;0;50;False
urban;-1425.809;248.3272;59.16339;0;0;0;50;False
urban;-1357.683;565.8194;129.0259;0;0;0;50;False
urban;-1421.413;599.8757;127.4448;0;0;0;50;False
urban;-1498.879;497.7069;115.6479;0;0;0;50;False
urban;-1543.381;442.7775;106.7413;0;0;0;50;False
urban;-1847.75;486.721;130.3679;0;0;0;50;False
urban;-1797.205;398.2846;111.7914;0;0;0;50;False
urban;-1767.537;376.8621;87.72656;0;0;0;50;False
urban;-533.5795;-365.8618;34.26834;0;0;0;50;False
urban;-458.8607;-377.9463;32.86938;0;0;0;50;False
urban;-375.3516;-397.1716;30.25916;0;0;0;50;False
urban;-273.1628;-391.1293;29.12634;0;0;0;50;False
urban;-319.3126;-358.1717;29.13196;0;0;0;50;False
urban;-356.1225;-327.4112;30.52435;0;0;0;50;False
urban;-416.0074;-286.2141;34.4848;0;0;0;50;False
urban;-221.519;-405.411;30.11322;0;0;0;50;False
urban;-153.9425;-384.5378;32.66223;0;0;0;50;False
urban;-269.8664;-657.5371;32.25562;0;0;0;50;False
urban;-226.4636;-583.9317;33.47467;0;0;0;50;False
urban;-203.9381;-519.6642;33.75793;0;0;0;50;False
urban;-201.7405;-441.6644;32.20392;0;0;0;50;False
urban;-107.2433;-446.0588;34.91406;0;0;0;50;False
urban;-63.29114;-429.0306;37.13818;0;0;0;50;False
urban;-141.3063;-467.4813;32.03174;0;0;0;50;False
urban;-123.7254;-409.256;33.79175;0;0;0;50;False
urban;-83.61903;-468.0305;34.66589;0;0;0;50;False
urban;-12.74613;-413.6504;38.49719;0;0;0;50;False
urban;9.77936;-352.6787;41.01263;0;0;0;50;False
urban;32.30485;-287.862;46.76093;0;0;0;50;False
urban;-40.21624;-256.0029;45.0907;0;0;0;50;False
urban;105.3754;-311.4816;45.10211;0;0;0;50;False
urban;183.3905;-337.2985;43.06024;0;0;0;50;False
urban;161.4144;-413.6504;40.11877;0;0;0;50;False
urban;302.6107;-382.3406;44.24683;0;0;0;50;False
urban;303.1602;-446.0588;42.74292;0;0;0;50;False
urban;381.7247;-398.2702;45.32159;0;0;0;50;False
urban;447.1035;-359.8195;46.23236;0;0;0;50;False
urban;471.2773;-312.0309;46.0426;0;0;0;50;False
urban;352.057;-270.2845;52.93433;0;0;0;50;False
urban;332.8279;-329.0591;48.81281;0;0;0;50;False
urban;210.8606;-282.369;47.6214;0;0;0;50;False
urban;49.33632;-225.219;50.01703;0;0;0;50;False
urban;71.86182;-162.5995;54.11511;0;0;0;50;False
urban;-108.3421;-230.712;43.815;0;0;0;50;False
urban;-126.4724;-309.8104;38.38928;0;0;0;50;False
urban;-85.26723;-170.8389;50.8822;0;0;0;50;False
urban;-79.77321;-109.8672;56.87805;0;0;0;50;False
urban;-3.955696;-132.9376;55.58588;0;0;0;50;False
urban;-256.6807;-48.34621;48.53851;0;0;0;50;False
urban;-140.2075;-78.00811;54.13763;0;0;0;50;False
urban;-205.5863;-72.51517;49.91656;0;0;0;50;False
urban;-270.9652;-139.5291;42.57245;0;0;0;50;False
urban;-285.2496;-180.7262;38.60358;0;0;0;50;False
urban;-350.6285;-195.5571;36.96204;0;0;0;50;False
urban;-274.811;-244.9936;33.37982;0;0;0;50;False
urban;-291.8425;-315.8526;29.14398;0;0;0;50;False
urban;-259.9771;-342.2187;29.01013;0;0;0;50;False
urban;-394.5807;0.03795161;45.94452;0;0;0;50;False
urban;-327.0042;-18.08876;47.02722;0;0;0;50;False
urban;-474.244;-2.708521;44.49628;0;0;0;50;False
urban;-390.7349;67.60117;56.75281;0;0;0;50;False
urban;-391.8337;123.0799;64.6427;0;0;0;50;False
urban;-477.5404;130.77;62.97693;0;0;0;50;False
urban;-309.9727;124.7278;66.77063;0;0;0;50;False
urban;-227.5624;126.3757;68.69885;0;0;0;50;False
urban;-247.8903;42.33362;58.23444;0;0;0;50;False
urban;-41.31505;33.54491;71.19958;0;0;0;50;False
urban;-130.3182;80.23494;70.06067;0;0;0;50;False
urban;-111.6385;149.446;80.4057;0;0;0;50;False
urban;-107.2433;256.5584;96.93811;0;0;0;50;False
urban;-226.4636;197.2346;80.98065;0;0;0;50;False
urban;-217.1238;263.15;91.07886;0;0;0;50;False
urban;32.30485;256.0092;108.5974;0;0;0;50;False
urban;-0.6592827;164.277;95.03632;0;0;0;50;False
urban;-39.11744;263.7252;105.0532;0;0;0;50;False
urban;-164.3811;259.8727;92.56335;0;0;0;50;False
urban;-297.3365;259.8727;87.52844;0;0;0;50;False
urban;-541.2711;256.0276;82.07172;0;0;0;50;False
urban;-374.2528;240.6474;83.21259;0;0;0;50;False
urban;-458.8607;251.6332;82.06952;0;0;0;50;False
urban;-596.2113;261.5205;81.24054;0;0;0;50;False
urban;-654.4479;263.7177;80.42023;0;0;0;50;False
urban;-704.993;243.9431;79.6214;0;0;0;50;False
urban;-793.4467;231.3093;74.65924;0;0;0;50;False
urban;-801.1384;282.943;85.09491;0;0;0;50;False
urban;-730.8149;291.1824;84.0141;0;0;0;50;False
urban;-889.5921;281.8734;75.00323;0;0;0;50;False
urban;-834.6519;296.7044;85.38403;0;0;0;50;False
urban;-854.4304;360.4225;85.98987;0;0;0;50;False
urban;517.4271;84.62962;95.38681;0;0;0;50;False
urban;492.1545;27.503;89.85712;0;0;0;50;False
urban;399.3055;-126.2994;63.91351;0;0;0;50;False
urban;282.2829;-80.70801;69.14905;0;0;0;50;False
urban;337.7725;-105.9755;66.66211;0;0;0;50;False
urban;122.9562;-26.87715;66.76593;0;0;0;50;False
urban;200.4219;-53.79258;67.82086;0;0;0;50;False
urban;104.2766;-82.35589;62.22559;0;0;0;50;False
urban;178.4458;-113.1164;62.61713;0;0;0;50;False
urban;255.3622;-157.0599;60.84711;0;0;0;50;False
urban;21.86621;-53.79258;63.72003;0;0;0;50;False
urban;-54.5007;-31.8208;64.96802;0;0;0;50;False
urban;38.34828;3.334042;68.82922;0;0;0;50;False
urban;160.865;79.68597;83.26245;0;0;0;50;False
urban;202.6196;196.6857;104.5671;0;0;0;50;False
urban;361.3968;139.5591;102.1049;0;0;0;50;False
urban;326.235;43.43254;89.0072;0;0;0;50;False
urban;457.5422;-43.90528;76.73413;0;0;0;50;False
urban;506.9884;-51.5954;87.85675;0;0;0;50;False
urban;114.1658;222.5143;106.684;0;0;0;50;False
urban;274.5912;174.7257;103.5952;0;0;0;50;False
urban;432.8191;108.261;99.06116;0;0;0;50;False
urban;606.4302;39.59923;89.49414;0;0;0;50;False
urban;743.2314;77.50054;80.50372;0;0;0;50;False
urban;791.0294;153.3032;80.18365;0;0;0;50;False
urban;703.6744;202.1904;89.10742;0;0;0;50;False
urban;569.0709;247.7818;102.1504;0;0;0;50;False
urban;544.8972;167.0355;98.83795;0;0;0;50;False
urban;417.4358;294.4718;102.0616;0;0;0;50;False
urban;394.3609;230.7537;102.0889;0;0;0;50;False
urban;487.7593;271.9508;102.1029;0;0;0;50;False
urban;259.208;339.514;104.5659;0;0;0;50;False
urban;236.6825;280.1902;104.5961;0;0;0;50;False
urban;337.2231;320.2887;103.8566;0;0;0;50;False
urban;174.0506;365.8801;108.0359;0;0;0;50;False
urban;56.47855;314.2464;110.4769;0;0;0;50;False
urban;82.30046;369.7252;113.2227;0;0;0;50;False
urban;138.3395;410.9223;116.0226;0;0;0;50;False
urban;236.6825;443.8799;120.0979;0;0;0;50;False
urban;330.6303;397.7392;115.7118;0;0;0;50;False
urban;421.8311;358.19;106.242;0;0;0;50;False
urban;263.6032;392.7955;110.5076;0;0;0;50;False
urban;-1245.605;469.7823;91.9025;0;0;0;50;False
urban;-1079.136;445.064;73.7583;0;0;0;50;False
urban;-1155.503;470.8809;83.63049;0;0;0;50;False
urban;-1314.829;462.0921;97.9278;0;0;0;50;False
urban;-1385.702;467.5851;104.4703;0;0;0;50;False
urban;-1239.012;532.4019;94.86945;0;0;0;50;False
urban;-1171.985;552.1765;99.29425;0;0;0;50;False
urban;-1114.847;571.4017;101.6163;0;0;0;50;False
urban;-1035.733;599.4158;102.1402;0;0;0;50;False
urban;-949.477;585.1341;99.85382;0;0;0;50;False
urban;-884.0981;543.937;92.02399;0;0;0;50;False
urban;-964.8602;477.4724;78.82489;0;0;0;50;False
urban;-1013.757;504.3878;78.54388;0;0;0;50;False
urban;-767.6248;451.6587;97.68793;0;0;0;50;False
urban;-694.0049;487.3628;108.622;0;0;0;50;False
urban;-733.5619;541.1937;113.8855;0;0;0;50;False
urban;-789.0515;595.0245;126.2704;0;0;0;50;False
urban;-838.4977;654.8976;129.2864;0;0;0;50;False
urban;-938.489;652.7004;135.6877;0;0;0;50;False
urban;-1015.405;644.461;139.8577;0;0;0;50;False
urban;-1076.389;673.0244;141.3624;0;0;0;50;False
urban;-1146.163;685.6581;145.8428;0;0;0;50;False
urban;-1192.313;711.4749;148.3442;0;0;0;50;False
urban;-1268.13;645.5596;138.8523;0;0;0;50;False
urban;-542.9193;448.8709;99.62366;0;0;0;50;False
urban;-531.3818;358.2373;82.19073;0;0;0;50;False
urban;-474.7934;399.9837;100.2147;0;0;0;50;False
urban;-439.0823;353.843;104.3083;0;0;0;50;False
urban;-370.407;366.4767;108.5942;0;0;0;50;False
urban;-299.5341;393.3922;109.2719;0;0;0;50;False
urban;-236.9023;417.0118;108.1594;0;0;0;50;False
urban;-300.0835;447.7723;107.0716;0;0;0;50;False
urban;-340.7393;438.9836;108.9877;0;0;0;50;False
urban;-391.2843;413.1668;108.7064;0;0;0;50;False
urban;-342.3875;482.9272;111.2686;0;0;0;50;False
urban;-382.4938;520.8285;120.057;0;0;0;50;False
urban;-437.4341;549.9411;120.8243;0;0;0;50;False
urban;-500.6153;576.8565;119.724;0;0;0;50;False
urban;-540.1723;537.3073;108.9689;0;0;0;50;False
urban;-599.5078;507.0961;105.617;0;0;0;50;False
urban;-524.789;662.5464;139.8691;0;0;0;50;False
urban;-505.5599;625.7437;130.843;0;0;0;50;False
urban;-570.3894;679.0253;145.3607;0;0;0;50;False
urban;-681.3687;702.645;154.1821;0;0;0;50;False
urban;-628.0767;692.2084;149.585;0;0;0;50;False
urban;-678.6216;631.2366;145.8198;0;0;0;50;False
urban;-733.5619;602.6733;140.9429;0;0;0;50;False
urban;-754.4391;666.3915;142.3632;0;0;0;50;False
urban;-808.83;716.3773;145.8494;0;0;0;50;False
urban;-864.3196;707.5886;148.2249;0;0;0;50;False
urban;-935.1925;700.9971;151.6786;0;0;0;50;False
urban;-1018.702;708.1379;161.8585;0;0;0;50;False
urban;-1045.622;786.1377;166.3123;0;0;0;50;False
urban;-989.5833;803.7151;171.8773;0;0;0;50;False
urban;-1125.835;779.5461;160.5809;0;0;0;50;False
urban;-919.2598;793.8278;182.9137;0;0;0;50;False
urban;-858.2762;808.1095;192.3235;0;0;0;50;False
urban;-793.9962;825.6869;204.3591;0;0;0;50;False
urban;-749.4946;833.377;212.8787;0;0;0;50;False
urban;-708.2894;875.1234;224.9845;0;0;0;50;False
urban;-708.2894;945.9824;235.2761;0;0;0;50;False
urban;-636.8671;906.9825;223.9868;0;0;0;50;False
urban;-578.6304;853.7009;204.1409;0;0;0;50;False
urban;-514.8998;836.1235;191.3696;0;0;0;50;False
urban;-469.2994;785.5884;175.1558;0;0;0;50;False
urban;-492.3743;723.5181;157.4724;0;0;0;50;False
urban;-692.9061;764.7152;169.0228;0;0;0;50;False
urban;-617.0886;746.0392;179.0663;0;0;0;50;False
urban;-575.334;771.856;184.9579;0;0;0;50;False
urban;-631.9225;811.9545;194.4624;0;0;0;50;False
urban;-697.3013;810.856;205.7788;0;0;0;50;False
urban;-464.3548;668.578;146.7719;0;0;0;50;False
urban;-363.8142;668.578;166.9146;0;0;0;50;False
urban;-318.7632;632.3246;173.0027;0;0;0;50;False
urban;-244.5939;605.9584;185.7941;0;0;0;50;False
urban;-95.70587;604.3105;207.1567;0;0;0;50;False
urban;-151.1955;604.3105;201.7288;0;0;0;50;False
urban;-20.43776;619.691;206.3256;0;0;0;50;False
urban;59.77496;637.8177;206.3455;0;0;0;50;False
urban;126.2526;660.8881;207.0962;0;0;0;50;False
urban;111.4188;733.395;208.4479;0;0;0;50;False
urban;153.1733;792.1695;209.0918;0;0;0;50;False
urban;204.8172;786.6765;204.6266;0;0;0;50;False
urban;283.3817;832.2679;191.1364;0;0;0;50;False
urban;292.7215;757.5639;183.0697;0;0;0;50;False
urban;229.5403;703.1838;188.0078;0;0;0;50;False
urban;209.2124;621.8882;186.4328;0;0;0;50;False
urban;149.3275;575.1982;183.0085;0;0;0;50;False
urban;79.55344;573.5503;180.7517;0;0;0;50;False
urban;5.933544;557.0715;174.9319;0;0;0;50;False
urban;-69.33456;537.2969;156.1583;0;0;0;50;False
urban;-135.2628;520.2687;140.6028;0;0;0;50;False
urban;-201.1911;506.5364;131.8089;0;0;0;50;False
urban;-289.6449;506.5364;116.0172;0;0;0;50;False
urban;-176.468;435.1281;109.9536;0;0;0;50;False
urban;-110.5397;423.5929;112.0989;0;0;0;50;False
urban;-138.5592;344.4945;110.6578;0;0;0;50;False
urban;-76.47679;292.8608;105.0974;0;0;0;50;False
urban;-40.76565;396.1282;112.0724;0;0;0;50;False
urban;14.72398;370.8607;111.2391;0;0;0;50;False
urban;-55.05011;498.297;143.6826;0;0;0;50;False
urban;17.47099;469.7336;145.0802;0;0;0;50;False
urban;76.80643;471.3815;146.2256;0;0;0;50;False
urban;140.5371;491.7054;144.3505;0;0;0;50;False
urban;205.916;508.1843;139.787;0;0;0;50;False
urban;264.702;539.494;139.8815;0;0;0;50;False
urban;-102.2987;856.5311;234.7343;0;0;0;50;False
urban;-79.77321;899.3761;234.6051;0;0;0;50;False
urban;-120.9784;935.0803;234.8904;0;0;0;50;False
urban;-158.8871;981.7703;234.1579;0;0;0;50;False
urban;-147.8991;1045.488;229.4998;0;0;0;50;False
urban;9.77936;1046.038;217.954;0;0;0;50;False
urban;-72.08157;1056.474;222.8741;0;0;0;50;False
urban;110.8694;990.0097;212.1657;0;0;0;50;False
urban;202.6196;918.0521;208.0777;0;0;0;50;False
urban;257.5598;976.2773;209.5746;0;0;0;50;False
urban;314.6976;1004.858;209.5341;0;0;0;50;False
urban;307.5554;918.6185;203.5549;0;0;0;50;False
urban;271.8442;621.9778;154.1781;0;0;0;50;False
urban;320.741;572.5413;153.4813;0;0;0;50;False
urban;332.2785;502.2316;151.1359;0;0;0;50;False
urban;358.6498;445.6543;144.5008;0;0;0;50;False
urban;432.2697;430.274;140.2426;0;0;0;50;False
urban;475.6725;366.0066;136.5453;0;0;0;50;False
urban;540.502;329.2039;127.7453;0;0;0;50;False
urban;606.9796;361.6122;117.1591;0;0;0;50;False
urban;668.5126;344.0348;109.7352;0;0;0;50;False
urban;616.8688;315.4715;106.1783;0;0;0;50;False
urban;-723.1232;990.1284;237.0005;0;0;0;50;False
urban;-623.132;996.72;239.1318;0;0;0;50;False
urban;-541.2711;929.706;242.4924;0;0;0;50;False
urban;-450.6197;901.692;237.178;0;0;0;50;False
urban;-381.9445;951.6778;232.8913;0;0;0;50;False
urban;-327.5536;976.9453;232.2931;0;0;0;50;False
urban;-298.9847;1042.861;233.623;0;0;0;50;False
urban;-215.4756;1052.199;233.6191;0;0;0;50;False
urban;-358.3202;914.8751;228.2142;0;0;0;50;False
urban;-397.8771;825.8893;223.6727;0;0;0;50;False
urban;-358.8695;766.0163;216.1235;0;0;0;50;False
urban;-278.1074;759.4247;207.8492;0;0;0;50;False
urban;-223.1672;704.3708;206.7441;0;0;0;50;False
urban;-150.0967;669.7652;207.4949;0;0;0;50;False
urban;1306.918;3654.125;32.16742;0;0;0;50;False
urban;1336.586;3570.632;33.99493;0;0;0;50;False
urban;1470.091;3619.52;33.84949;0;0;0;50;False
urban;1442.62;3704.66;32.94397;0;0;0;50;False
urban;1548.106;3757.392;33.52747;0;0;0;50;False
urban;1576.125;3722.787;33.51514;0;0;0;50;False
urban;1602.496;3678.294;33.49805;0;0;0;50;False
urban;1678.863;3720.04;33.01013;0;0;0;50;False
urban;1643.702;3770.575;33.87799;0;0;0;50;False
urban;1610.738;3812.322;33.90906;0;0;0;50;False
urban;1662.931;3860.66;33.87836;0;0;0;50;False
urban;1704.685;3821.111;34.00372;0;0;0;50;False
urban;1743.693;3756.843;32.90405;0;0;0;50;False
urban;1811.819;3798.589;32.61548;0;0;0;50;False
urban;1778.305;3863.956;33.40094;0;0;0;50;False
urban;1742.045;3924.378;33.91913;0;0;0;50;False
urban;1859.067;3950.195;32.06134;0;0;0;50;False
urban;1866.21;3901.857;32.07843;0;0;0;50;False
urban;1973.343;3888.674;31.33325;0;0;0;50;False
urban;1926.644;3941.406;31.44849;0;0;0;50;False
urban;1886.537;3842.533;31.41254;0;0;0;50;False
urban;1924.446;3775.519;31.33301;0;0;0;50;False
urban;2013.449;3821.66;31.27545;0;0;0;50;False
urban;1854.123;3731.575;32.14868;0;0;0;50;False
urban;1783.799;3689.28;33.26056;0;0;0;50;False
urban;1712.377;3651.379;34.05615;0;0;0;50;False
urban;1643.702;3609.632;34.46918;0;0;0;50;False
urban;1673.919;3560.196;34.57513;0;0;0;50;False
urban;1809.621;3642.59;33.31012;0;0;0;50;False
urban;1744.242;3603.59;33.99542;0;0;0;50;False
urban;1886.537;3686.533;32.30237;0;0;0;50;False
urban;1953.565;3727.181;31.36761;0;0;0;50;False
urban;2034.876;3766.73;31.31781;0;0;0;50;False
urban;1536.019;3640.946;33.61298;0;0;0;50;False
urban;1495.912;3727.734;33.36633;0;0;0;50;False
urban;1369;3677.748;32.52948;0;0;0;50;False
urban;1403.063;3588.763;33.94983;0;0;0;50;False
urban;-377.5492;6008.923;30.36063;0;0;0;50;False
urban;-436.3353;6077.585;30.35321;0;0;0;50;False
urban;-376.4504;6162.176;30.34003;0;0;0;50;False
urban;-414.3592;6235.232;30.16333;0;0;0;50;False
urban;-372.0552;6305.542;28.68042;0;0;0;50;False
urban;-338.5417;6269.838;30.42096;0;0;0;50;False
urban;-305.5775;6233.585;30.45428;0;0;0;50;False
urban;-229.2106;6153.937;30.1969;0;0;0;50;False
urban;-268.2182;6198.979;30.43732;0;0;0;50;False
urban;-301.7317;6080.881;30.19073;0;0;0;50;False
urban;-177.5668;6202.275;30.18921;0;0;0;50;False
urban;-133.6146;6251.711;30.16504;0;0;0;50;False
urban;-96.25527;6288.514;30.32532;0;0;0;50;False
urban;-177.0174;6358.274;30.5174;0;0;0;50;False
urban;-236.3528;6303.345;30.40417;0;0;0;50;False
urban;-325.356;6346.739;29.31879;0;0;0;50;False
urban;-280.305;6384.091;29.64569;0;0;0;50;False
urban;-217.6732;6419.795;30.50049;0;0;0;50;False
urban;-176.468;6481.316;29.09857;0;0;0;50;False
urban;-117.1326;6427.486;30.328;0;0;0;50;False
urban;-23.18477;6512.626;30.43445;0;0;0;50;False
urban;-66.58755;6471.429;30.38251;0;0;0;50;False
urban;25.16262;6562.612;30.41205;0;0;0;50;False
urban;70.21361;6610.401;30.55206;0;0;0;50;False
urban;29.00844;6651.048;30.46423;0;0;0;50;False
urban;-28.6788;6624.683;29.52777;0;0;0;50;False
urban;-82.52022;6582.387;28.56018;0;0;0;50;False
urban;-132.5158;6537.345;28.4906;0;0;0;50;False
urban;151.5251;6531.852;30.73633;0;0;0;50;False
urban;107.573;6578.542;30.59589;0;0;0;50;False
urban;104.2766;6482.964;30.37958;0;0;0;50;False
urban;60.87377;6441.218;30.3103;0;0;0;50;False
urban;8.131153;6390.683;30.29919;0;0;0;50;False
urban;-45.16087;6337.401;30.30048;0;0;0;50;False
urban;-136.911;6325.883;30.57556;0;0;0;50;False
urban;-959.3662;-2148.646;7.825073;0;0;0;50;False
urban;-882.4499;-2072.844;7.939392;0;0;0;50;False
urban;-767.0754;-1958.59;8.060913;0;0;0;50;False
urban;-651.1516;-1977.266;5.308594;0;0;0;50;False
urban;-1057.16;-2057.463;12.23755;0;0;0;50;False
urban;-1094.519;-1972.872;12.18341;0;0;0;50;False
urban;-1039.579;-1895.971;12.54059;0;0;0;50;False
urban;-952.7734;-1813.027;18.771;0;0;0;50;False
urban;-876.9559;-1729.535;18.00488;0;0;0;50;False
urban;-798.9407;-1649.338;15.18018;0;0;0;50;False
urban;-735.2101;-1573.535;13.44928;0;0;0;50;False
urban;-3158.074;918.6716;13.36038;0;0;0;50;False
urban;-3228.397;951.6293;12.40027;0;0;0;50;False
urban;-3232.793;1020.84;10.94708;0;0;0;50;False
urban;-3219.607;1086.756;9.735596;0;0;0;50;False
urban;-3191.588;1151.023;8.6651;0;0;0;50;False
urban;-3175.105;1247.15;10.01642;0;0;0;50;False
urban;-3094.343;1319.656;19.2063;0;0;0;50;False
urban;-3097.09;1261.981;19.21564;0;0;0;50;False
urban;-3104.782;1190.572;19.32513;0;0;0;50;False
urban;-3113.573;1114.22;19.43866;0;0;0;50;False
urban;-3133.9;1021.39;17.84802;0;0;0;50;False
urban;-3070.17;754.9138;20.02295;0;0;0;50;False
urban;-3023.47;690.0971;21.8302;0;0;0;50;False
urban;-3002.044;619.7874;19.44452;0;0;0;50;False
urban;-2989.407;542.8862;15.80261;0;0;0;50;False
urban;-2986.66;463.7878;14.15173;0;0;0;50;False
urban;-2993.253;387.9852;13.8316;0;0;0;50;False
urban;-3008.637;313.2811;13.75012;0;0;0;50;False
urban;-3030.063;231.4362;15.08752;0;0;0;50;False
urban;-3089.948;249.563;11.15277;0;0;0;50;False
urban;-3086.102;312.7318;6.944397;0;0;0;50;False
urban;-3072.367;361.619;6.074646;0;0;0;50;False
urban;-3055.336;418.7456;5.614685;0;0;0;50;False
urban;-3031.711;468.7314;5.5625;0;0;0;50;False
urban;-3020.723;527.5059;6.390503;0;0;0;50;False
urban;-3035.008;614.8438;6.730408;0;0;0;50;False
urban;-3062.478;669.7732;10.5882;0;0;0;50;False
urban;-3096.541;718.1111;19.78003;0;0;0;50;False
urban;1844.234;3704.137;32.72531;0;0;0;50;False
urban;1795.337;3671.728;33.24255;0;0;0;50;False
urban;2048.611;3934.291;32.07678;0;0;0;50;False
urban;2140.911;3893.643;32.16827;0;0;0;50;False
urban;2084.872;3860.174;32.17004;0;0;0;50;False
urban;2011.252;3910.709;33.54541;0;0;0;50;False
urban;1454.158;3662.358;33.33484;0;0;0;50;False
urban;-341.8381;6198.401;30.3446;0;0;0;50;False
urban;-418.7544;6041.808;30.32916;0;0;0;50;False
urban;-411.6122;5963.808;30.78918;0;0;0;50;False
urban;1192.642;-763.5298;56.75246;0;0;0;50;False
urban;1190.445;-663.5582;60.62592;0;0;0;50;False
urban;1178.358;-510.8544;64.13483;0;0;0;50;False
urban;1206.927;-371.3336;67.90497;0;0;0;50;False
urban;1201.433;-292.2352;68.13208;0;0;0;50;False
urban;1108.034;-242.7987;68.22443;0;0;0;50;False
urban;1023.427;-326.2915;66.13312;0;0;0;50;False
urban;1081.663;-386.7138;66.1347;0;0;0;50;False
urban;949.8066;-488.8826;59.82458;0;0;0;50;False
urban;1014.636;-438.3475;63.5686;0;0;0;50;False
urban;872.8903;-526.2346;56.32172;0;0;0;50;False
urban;917.9413;-589.9528;56.25751;0;0;0;50;False
urban;976.1779;-659.1639;56.50525;0;0;0;50;False
urban;1010.241;-639.3893;57.31866;0;0;0;50;False
urban;1020.13;-591.0514;57.73248;0;0;0;50;False
urban;1024.525;-535.0233;59.56256;0;0;0;50;False
urban;1069.576;-511.953;61.44629;0;0;0;50;False
urban;1076.169;-453.7278;64.45111;0;0;0;50;False
urban;1013.537;-728.375;56.55414;0;0;0;50;False
urban;1062.984;-761.3326;56.76428;0;0;0;50;False
urban;1127.813;-758.0369;56.79449;0;0;0;50;False
urban;1246.484;-747.051;60.21228;0;0;0;50;False
urban;1234.946;-644.9314;65.80707;0;0;0;50;False
urban;1242.089;-694.3679;60.73309;0;0;0;50;False
urban;1221.761;-589.4526;67.625;0;0;0;50;False
urban;1222.31;-526.8331;65.8736;0;0;0;50;False
urban;1266.262;-545.5091;68.08154;0;0;0;50;False
urban;1364.056;-575.7203;73.38037;0;0;0;50;False
urban;1315.708;-554.8471;71.02722;0;0;0;50;False
urban;1279.997;-622.9596;68.03198;0;0;0;50;False
urban;1283.843;-707.551;63.8136;0;0;0;50;False
urban;1376.143;-735.0157;66.23279;0;0;0;50;False
urban;1328.894;-724.0298;64.91083;0;0;0;50;False
urban;1279.448;-485.0867;68.08868;0;0;0;50;False
urban;1275.602;-410.932;68.09998;0;0;0;50;False
urban;1192.642;-436.1995;66.117;0;0;0;50;False
urban;1176.71;-590.002;63.16937;0;0;0;50;False
urban;1194.84;-708.1003;58.85437;0;0;0;50;False
urban;789.3812;-1950.227;19.56451;0;0;0;50;False
urban;810.2584;-1862.339;28.77087;0;0;0;50;False
urban;985.5178;-2371.123;29.53122;0;0;0;50;False
urban;993.2094;-2313.447;29.50952;0;0;0;50;False
urban;997.6046;-2258.518;29.50958;0;0;0;50;False
urban;845.9696;-2246.433;29.15826;0;0;0;50;False
urban;776.1955;-2238.194;28.31549;0;0;0;50;False
urban;-891.7897;-2187.104;7.542908;0;0;0;50;False
urban;-1164.293;-2186.555;12.19556;0;0;0;50;False
urban;-1113.748;-2187.104;12.2616;0;0;0;50;False
urban;-1057.709;-2242.583;10.65833;0;0;0;50;False
urban;-983.5399;-2271.695;8.001953;0;0;0;50;False
urban;-936.2913;-2229.949;7.846313;0;0;0;50;False
urban;-1006.615;-2103.062;11.64722;0;0;0;50;False
urban;-939.5877;-2090.978;8.299255;0;0;0;50;False
urban;-952.224;-1967.386;12.19165;0;0;0;50;False
urban;-216.025;-2059.709;26.62042;0;0;0;50;False
urban;-195.6971;-2002.034;26.62036;0;0;0;50;False
urban;-191.3019;-1937.217;26.62042;0;0;0;50;False
urban;-576.4329;-2338.202;12.82819;0;0;0;50;False
urban;-689.0603;-2380.497;12.90228;0;0;0;50;False
urban;-344.5851;-731.7752;52.24672;0;0;0;50;False
urban;-347.3321;-783.4089;52.24664;0;0;0;50;False
urban;-351.1779;-960.831;30.08063;0;0;0;50;False
urban;-183.0608;-1043.774;25.66162;0;0;0;50;False
urban;-125.923;-1049.267;26.27362;0;0;0;50;False
urban;-275.9098;-1311.281;30.35522;0;0;0;50;False
urban;-233.6058;-1387.083;30.25824;0;0;0;50;False
urban;-313.8186;-1524.412;26.57239;0;0;0;50;False
urban;-304.4787;-1494.201;29.21899;0;0;0;50;False
urban;-292.9413;-1543.088;25.49957;0;0;0;50;False
urban;-531.3818;-1826.881;21.79865;0;0;0;50;False
urban;-1333.509;-1408.497;3.313446;0;0;0;50;False
urban;-1360.979;-1159.666;3.426331;0;0;0;50;False
urban;-1385.153;-1067.934;3.118164;0;0;0;50;False
urban;-1353.288;-1248.103;3.897705;0;0;0;50;False
urban;-1321.422;-1350.271;3.500427;0;0;0;50;False
urban;-1276.921;-1431.567;3.535767;0;0;0;50;False
urban;-1584.586;497.2186;115.4036;0;0;0;50;False
urban;-1620.847;549.9509;130.1225;0;0;0;50;False
urban;-1675.787;509.3031;127.6777;0;0;0;50;False
urban;70.21361;6398.958;30.22771;0;0;0;50;False
urban;44.9411;6381.381;30.22803;0;0;0;50;False
urban;25.16262;6359.958;30.23474;0;0;0;50;False
urban;8.680555;6337.438;30.2326;0;0;0;50;False
urban;111.4188;6395.113;30.30627;0;0;0;50;False
urban;-405.0193;6278.663;28.88043;0;0;0;50;False
urban;-409.964;6199.015;30.64655;0;0;0;50;False
urban;-1407.129;-2717.847;12.94496;0;0;0;50;False
urban;-1341.75;-2772.776;12.94495;0;0;0;50;False
urban;-1286.26;-2806.283;12.94501;0;0;0;50;False
urban;-1311.533;-2724.987;12.94501;0;0;0;50;False
urban;-1395.592;-2677.199;12.94501;0;0;0;50;False
urban;-1214.289;-2837.593;12.94751;0;0;0;50;False
urban;-1187.918;-2809.03;12.94714;0;0;0;50;False
urban;-1028.591;-2900.762;12.9646;0;0;0;50;False
urban;-996.7256;-2850.776;12.9646;0;0;0;50;False
urban;-974.2001;-2816.17;12.9646;0;0;0;50;False
urban;-952.224;-2777.72;12.96454;0;0;0;50;False
urban;-1162.645;-2756.846;12.94757;0;0;0;50;False
urban;-1233.518;-2582.72;12.94489;0;0;0;50;False
urban;-1178.578;-2612.382;12.94501;0;0;0;50;False
urban;-1147.811;-2587.115;12.94458;0;0;0;50;False
urban;-1201.103;-2542.622;12.94519;0;0;0;50;False
urban;-1159.349;-2416.284;12.94519;0;0;0;50;False
urban;-1134.076;-2367.946;12.94507;0;0;0;50;False
urban;-1200.004;-2327.298;12.94464;0;0;0;50;False
urban;-1164.843;-2275.115;12.94464;0;0;0;50;False
urban;-1105.507;-2306.425;12.94458;0;0;0;50;False
urban;-1086.278;-2461.875;12.94519;0;0;0;50;False
urban;-1021.998;-2410.791;12.94446;0;0;0;50;False
urban;-1121.989;-2439.354;12.94507;0;0;0;50;False
urban;-1290.106;-2547.016;12.94519;0;0;0;50;False
urban;-1382.406;-2478.354;12.94507;0;0;0;50;False
urban;-1344.497;-2415.735;12.94519;0;0;0;50;False
urban;-1283.514;-2422.326;12.94507;0;0;0;50;False
urban;-1218.684;-2429.467;12.94507;0;0;0;50;False
urban;-1193.961;-2403.101;12.94507;0;0;0;50;False
urban;-1330.762;-2505.819;12.94519;0;0;0;50;False
urban;510.8342;-257.5753;46.84555;0;0;0;50;False
urban;503.692;-157.6037;55.19446;0;0;0;50;False
urban;538.8537;-88.94193;65.58862;0;0;0;50;False
urban;578.9601;-74.66027;69.73358;0;0;0;50;False
urban;661.3704;-32.3646;80.46832;0;0;0;50;False
urban;741.5831;-19.73083;81.5462;0;0;0;50;False
urban;236.6825;-220.7083;53.02557;0;0;0;50;False
urban;-1335.707;-443.8179;32.97279;0;0;0;50;False
urban;-1424.161;-502.5924;32.07202;0;0;0;50;False
urban;-1273.624;-401.5223;34.54919;0;0;0;50;False
urban;-1190.665;-353.7336;35.81696;0;0;0;50;False
urban;-1030.788;-302.1;36.91022;0;0;0;50;False
urban;-1440.093;-323.5225;43.43115;0;0;0;50;False
urban;-1519.207;-381.7477;40.99866;0;0;0;50;False
urban;-1600.519;-482.8178;35.37378;0;0;0;50;False
urban;-1598.321;-229.0438;53.5191;0;0;0;50;False
urban;-1314.28;-153.2412;45.05896;0;0;0;50;False
urban;-1395.042;-124.6779;48.98523;0;0;0;50;False
urban;-1250.549;-73.04419;43.2865;0;0;0;50;False
urban;-1113.748;-160.382;37.57123;0;0;0;50;False
urban;-1117.045;-2856.293;12.96443;0;0;0;50;False
urban;-574.7846;-2054.798;5.407883;0;0;0;50;False
urban;-758.8344;-2046.009;7.915527;0;0;0;50;False
urban;-735.7595;-1972.953;7.868103;0;0;0;50;False
urban;-768.1743;-2144.333;7.868469;0;0;0;50;False
urban;-840.6953;-2066.333;7.904663;0;0;0;50;False
urban;-826.9603;-1276.281;4.000381;0;0;0;50;False
urban;-826.4109;-1318.028;4.000427;0;0;0;50;False
urban;-1065.95;-1441.07;4.425476;0;0;0;50;False
urban;-1466.464;-886.8315;9.674515;0;0;0;50;False
urban;-1493.935;-714.9023;25.5163;0;0;0;50;False
urban;-1598.87;-624.2688;30.17468;0;0;0;50;False
urban;-1582.938;-567.6938;115.3327;0;0;0;50;False
urban;-1391.746;-475.4124;90.25584;0;0;0;50;False
urban;-912.667;-376.5394;136.9108;0;0;0;50;False
urban;-486.3309;-184.2863;36.50769;0;0;0;50;False
urban;-594.0137;-233.1735;35.53265;0;0;0;50;False
urban;-745.0993;-1467.013;4.000526;0;0;0;50;False
urban;-724.222;-1442.294;4.000488;0;0;0;50;False
urban;298.765;-1451.629;45.50952;0;0;0;50;False
urban;314.1482;-1463.164;45.50958;0;0;0;50;False
urban;-1114.847;-2878.75;12.94609;0;0;0;50;False
urban;-1148.91;-2860.074;12.94604;0;0;0;50;False
urban;-1180.775;-2843.046;12.94598;0;0;0;50;False
urban;-613.2428;188.4444;68.70053;0;0;0;50;False
urban;-3042.15;138.4677;10.60339;0;0;0;50;False
urban;-2997.099;89.0312;10.60553;0;0;0;50;False
urban;257.5598;-2174.484;9.593918;0;0;0;50;False
urban;262.5044;-2222.822;6.242798;0;0;0;50;False
urban;241.6271;-2133.287;12.80463;0;0;0;50;False
urban;910.2496;-2877.622;18.01795;0;0;0;50;False
urban;1059.138;-2878.171;18.01795;0;0;0;50;False
urban;471.2773;-2910.107;7.49974;0;0;0;50;False
urban;507.5378;-2910.656;5.736239;0;0;0;50;False
urban;965.7393;153.8326;79.86938;0;0;0;50;False
urban;1005.846;193.3896;79.89044;0;0;0;50;False
urban;503.1426;-2155.292;4.917572;0;0;0;50;False
urban;527.8657;-2293.165;4.952393;0;0;0;50;False
urban;587.2011;-2234.39;4.986694;0;0;0;50;False
urban;-50.10548;-2214.066;6.811707;0;0;0;50;False
urban;-182.5114;-2231.644;7.197571;0;0;0;50;False
urban;-493.4731;-2193.193;6.19165;0;0;0;50;False
urban;886.6254;-38.97403;77.76437;0;0;0;50;False
urban;956.9489;-28.53743;77.76404;0;0;0;50;False
urban;894.317;14.30753;77.76495;0;0;0;50;False
urban;936.621;83.55302;77.8941;0;0;0;50;False
rural;-2922.38;1332.033;44.48883;0;0;0;50;False
rural;-2757.56;1378.174;83.72632;0;0;0;50;False
rural;-2660.865;1503.413;115.565;0;0;0;50;False
rural;-2623.506;1116.71;162.6069;0;0;0;50;False
rural;-2629;1325.779;142.3366;0;0;0;50;False
rural;-2476.266;1047.36;189.9152;0;0;0;50;False
rural;-2282.876;1052.853;196.3091;0;0;0;50;False
rural;-2160.909;1005.614;187.3488;0;0;0;50;False
rural;-2027.954;930.91;177.5477;0;0;0;50;False
rural;-2520.218;1674.786;149.2372;0;0;0;50;False
rural;-2474.068;1800.025;159.226;0;0;0;50;False
rural;-2526.811;1934.052;170.5825;0;0;0;50;False
rural;-2320.236;1870.334;181.9963;0;0;0;50;False
rural;-2153.217;1986.785;190.0601;0;0;0;50;False
rural;-2038.942;2000.41;189.2675;0;0;0;50;False
rural;-1969.717;1903.185;184.4399;0;0;0;50;False
rural;-1998.835;1777.946;179.3599;0;0;0;50;False
rural;-1876.868;1823.538;163.0786;0;0;0;50;False
rural;-1793.359;1848.805;152.462;0;0;0;50;False
rural;-1876.868;2000.41;141.1506;0;0;0;50;False
rural;-1776.327;2056.988;122.6592;0;0;0;50;False
rural;-1702.707;2123.452;108.4611;0;0;0;50;False
rural;-1641.174;2176.734;92.9715;0;0;0;50;False
rural;-1704.356;2243.198;81.80267;0;0;0;50;False
rural;-1790.612;2305.818;70.65082;0;0;0;50;False
rural;-1923.018;2301.973;57.5611;0;0;0;50;False
rural;-2095.53;2312.41;36.60431;0;0;0;50;False
rural;-2259.801;2274.057;31.69836;0;0;0;50;False
rural;-2472.42;2298.226;30.1817;0;0;0;50;False
rural;-2716.354;2287.24;17.90192;0;0;0;50;False
rural;-1943.346;2364.691;32.04767;0;0;0;50;False
rural;-1821.928;2398.198;30.0979;0;0;0;50;False
rural;-1679.633;2438.297;27.99438;0;0;0;50;False
rural;-1620.297;2358.1;40.67261;0;0;0;50;False
rural;-1547.776;2275.706;52.11639;0;0;0;50;False
rural;-1580.74;2098.833;67.55878;0;0;0;50;False
rural;-1519.756;2143.326;54.9693;0;0;0;50;False
rural;-1351.09;2170.951;50.93622;0;0;0;50;False
rural;-1436.247;2150.464;52.85217;0;0;0;50;False
rural;-1500.527;2077.957;58.6803;0;0;0;50;False
rural;-1452.729;1983.935;68.17773;0;0;0;50;False
rural;-1425.259;1914.174;72.76154;0;0;0;50;False
rural;-1460.97;1807.684;81.97333;0;0;0;50;False
rural;-1508.219;1691.234;96.7486;0;0;0;50;False
rural;-1479.65;1550.614;111.4258;0;0;0;50;False
rural;-1537.887;1420.981;122.1412;0;0;0;50;False
rural;-1623.594;1294.643;135.9889;0;0;0;50;False
rural;-1625.791;1151.827;148.8806;0;0;0;50;False
rural;-1648.866;996.9255;151.8228;0;0;0;50;False
rural;-2993.803;1594.418;28.69435;0;0;0;50;False
rural;-3030.613;1882.798;28.56927;0;0;0;50;False
rural;-3043.249;1737.236;35.62842;0;0;0;50;False
rural;-2981.716;2063.517;38.57581;0;0;0;50;False
rural;-2847.662;2185.46;31.90674;0;0;0;50;False
rural;-1481.848;2404.693;25.49915;0;0;0;50;False
rural;-1349.442;2438.2;26.35474;0;0;0;50;False
rural;-1353.288;2331.088;37.49231;0;0;0;50;False
rural;-1287.359;2528.834;18.58728;0;0;0;50;False
rural;-1179.677;2612.336;14.13867;0;0;0;50;False
rural;-1068.697;2630.463;31.0481;0;0;0;50;False
rural;-989.5833;2701.322;37.85205;0;0;0;50;False
rural;-922.5563;2671.66;41.5603;0;0;0;50;False
rural;-911.5682;2589.815;55.71509;0;0;0;50;False
rural;-842.3435;2644.745;55.09265;0;0;0;50;False
rural;-752.2416;2678.252;53.48206;0;0;0;50;False
rural;-744.5499;2606.844;59.36951;0;0;0;50;False
rural;-730.2654;2553.013;58.41266;0;0;0;50;False
rural;-697.8507;2490.942;60.01807;0;0;0;50;False
rural;-712.6846;2421.182;61.76428;0;0;0;50;False
rural;-1220.332;2190.993;67.00488;0;0;0;50;False
rural;-1096.167;2206.923;83.50409;0;0;0;50;False
rural;-1007.714;2159.134;98.7627;0;0;0;50;False
rural;-960.465;2076.74;116.9094;0;0;0;50;False
rural;-929.1491;1999.839;133.613;0;0;0;50;False
rural;-872.5607;1915.797;150.9568;0;0;0;50;False
rural;-805.5336;1829.008;165.1202;0;0;0;50;False
rural;-728.0679;1871.304;155.4619;0;0;0;50;False
rural;-694.5543;1949.853;140.2448;0;0;0;50;False
rural;-781.9093;2005.332;125.9346;0;0;0;50;False
rural;-825.8615;2065.205;116.657;0;0;0;50;False
rural;-776.9647;2132.219;106.6823;0;0;0;50;False
rural;-773.1188;2211.866;90.45502;0;0;0;50;False
rural;-798.9407;2273.937;79.49829;0;0;0;50;False
rural;-757.1862;2320.077;71.92346;0;0;0;50;False
rural;-715.4316;2369.625;65.21149;0;0;0;50;False
rural;-733.0125;2290.527;73.5552;0;0;0;50;False
rural;-697.8507;2236.696;84.60107;0;0;0;50;False
rural;-676.4241;2169.682;105.3705;0;0;0;50;False
rural;-637.9659;2132.879;118.3789;0;0;0;50;False
rural;-603.903;2120.246;126.7142;0;0;0;50;False
rural;-588.5197;2173.527;132.0561;0;0;0;50;False
rural;-561.0496;2127.936;141.8999;0;0;0;50;False
rural;-565.4448;2083.992;148.7578;0;0;0;50;False
rural;-602.8041;2067.513;151.0654;0;0;0;50;False
rural;-635.2189;2048.288;155.2756;0;0;0;50;False
rural;-623.132;2004.344;161.0234;0;0;0;50;False
rural;-605.0018;1958.753;171.3016;0;0;0;50;False
rural;-594.0137;2004.894;178.4981;0;0;0;50;False
rural;-564.8954;2043.894;189.5511;0;0;0;50;False
rural;-510.5046;1992.809;205.3414;0;0;0;50;False
rural;-784.1069;1661.456;199.9831;0;0;0;50;False
rural;-753.8898;1733.963;200.3601;0;0;0;50;False
rural;-725.3209;1765.822;200.7692;0;0;0;50;False
rural;-674.2264;1744.949;206.1419;0;0;0;50;False
rural;-602.8041;1783.399;211.8282;0;0;0;50;False
rural;-569.2906;1851.512;210.6272;0;0;0;50;False
rural;-546.7651;1935.005;206.0724;0;0;0;50;False
rural;-736.3089;1156.004;261.7829;0;0;0;50;False
rural;-663.2384;1238.947;271.3854;0;0;0;50;False
rural;-638.5153;1356.496;291.5359;0;0;0;50;False
rural;-548.9627;1327.384;298.3839;0;0;0;50;False
rural;-464.3548;1361.44;301.0822;0;0;0;50;False
rural;-463.256;1273.557;314.5775;0;0;0;50;False
rural;-501.7141;1204.895;322.7526;0;0;0;50;False
rural;-411.6122;1185.67;324.5258;0;0;0;50;False
rural;-316.0162;1199.952;320.308;0;0;0;50;False
rural;-260.5266;1268.064;309.7013;0;0;0;50;False
rural;-201.1911;1312.022;303.3459;0;0;0;50;False
rural;-189.6537;1405.402;290.8738;0;0;0;50;False
rural;-188.5549;1482.853;287.9146;0;0;0;50;False
rural;-403.9205;1440.008;288.8681;0;0;0;50;False
rural;-371.5058;1257.089;327.7659;0;0;0;50;False
rural;-330.3006;1351.019;343.9072;0;0;0;50;False
rural;-297.8859;1433.413;337.9229;0;0;0;50;False
rural;-286.3484;1501.526;335.7477;0;0;0;50;False
rural;-251.7361;1567.99;334.9104;0;0;0;50;False
rural;-185.2584;1543.271;313.302;0;0;0;50;False
rural;-118.2314;1544.919;296.9883;0;0;0;50;False
rural;-76.47679;1506.468;281.1985;0;0;0;50;False
rural;-339.0911;1582.271;345.3149;0;0;0;50;False
rural;-437.9835;1582.82;356.9146;0;0;0;50;False
rural;-785.2057;1278.448;258.5803;0;0;0;50;False
rural;-808.83;1389.955;246.8674;0;0;0;50;False
rural;-794.5455;1492.124;229.2853;0;0;0;50;False
rural;-758.8344;1599.786;210.5233;0;0;0;50;False
rural;-23.73418;1463.718;275.1409;0;0;0;50;False
rural;26.26143;1439;269.4785;0;0;0;50;False
rural;89.44269;1391.211;259.4178;0;0;0;50;False
rural;142.1853;1394.507;252.7955;0;0;0;50;False
rural;185.0387;1361;244.2188;0;0;0;50;False
rural;237.7813;1342.324;237.4382;0;0;0;50;False
rural;211.41;1418.127;238.9106;0;0;0;50;False
rural;158.6674;1485.69;238.3423;0;0;0;50;False
rural;145.4817;1567.535;229.7161;0;0;0;50;False
rural;141.6359;1650.478;227.9756;0;0;0;50;False
rural;270.196;1685.633;236.3123;0;0;0;50;False
rural;210.8606;1677.394;231.0558;0;0;0;50;False
rural;64.17018;1707.605;224.7799;0;0;0;50;False
rural;2.087729;1754.295;217.9183;0;0;0;50;False
rural;-11.09793;1827.901;205.9262;0;0;0;50;False
rural;-78.125;1853.717;198.8166;0;0;0;50;False
rural;-165.48;1885.027;197.2471;0;0;0;50;False
rural;-186.9066;1909.196;195.7158;0;0;0;50;False
rural;-221.519;1851.52;196.8997;0;0;0;50;False
rural;-313.8186;1822.408;201.2421;0;0;0;50;False
rural;-391.8337;1882.83;205.5199;0;0;0;50;False
rural;-436.3353;1971.266;207.4057;0;0;0;50;False
rural;-273.1628;1994.337;164.8684;0;0;0;50;False
rural;-250.6373;1953.689;176.464;0;0;0;50;False
rural;-283.6014;1916.886;159.973;0;0;0;50;False
rural;-312.1703;1963.027;152.8699;0;0;0;50;False
rural;-313.2692;2050.914;143.5082;0;0;0;50;False
rural;-231.9576;2075.083;137.6246;0;0;0;50;False
rural;-252.8349;2180.548;129.5817;0;0;0;50;False
rural;-184.709;2208.562;120.4909;0;0;0;50;False
rural;-188.0054;2290.406;111.5993;0;0;0;50;False
rural;-173.721;2329.956;104.344;0;0;0;50;False
rural;-185.8078;2379.941;95.74963;0;0;0;50;False
rural;-175.9186;2431.026;83.57123;0;0;0;50;False
rural;-183.6102;2511.223;71.55444;0;0;0;50;False
rural;-190.2031;2569.997;64.22095;0;0;0;50;False
rural;-267.1194;2626.609;61.08655;0;0;0;50;False
rural;-289.6449;2579.369;70.34241;0;0;0;50;False
rural;-235.8035;2598.594;61.58405;0;0;0;50;False
rural;-251.1867;2710.651;54.79053;0;0;0;50;False
rural;-244.5939;2780.96;50.45508;0;0;0;50;False
rural;-244.5939;2843.58;44.45679;0;0;0;50;False
rural;-263.2736;2889.171;44.99396;0;0;0;50;False
rural;-332.4982;2889.171;43.97485;0;0;0;50;False
rural;-381.3951;2834.791;43.45276;0;0;0;50;False
rural;-422.6002;2774.369;44.66949;0;0;0;50;False
rural;-457.2126;2752.946;44.41632;0;0;0;50;False
rural;-447.3233;2704.059;51.33148;0;0;0;50;False
rural;-374.8022;2732.622;61.5083;0;0;0;50;False
rural;-325.9054;2722.735;67.97455;0;0;0;50;False
rural;-296.7871;2688.679;64.24908;0;0;0;50;False
rural;-498.4177;2716.144;44.37628;0;0;0;50;False
rural;-541.2711;2680.989;44.47937;0;0;0;50;False
rural;-564.8954;2621.116;45.11694;0;0;0;50;False
rural;-550.0615;2565.088;48.20886;0;0;0;50;False
rural;-577.5316;2496.975;50.51685;0;0;0;50;False
rural;-646.7563;2460.172;55.91473;0;0;0;50;False
rural;-580.8281;2680.439;42.81378;0;0;0;50;False
rural;-557.2037;2735.918;40.26721;0;0;0;50;False
rural;-517.6468;2771.073;39.14783;0;0;0;50;False
rural;-472.0464;2799.636;38.17371;0;0;0;50;False
rural;-489.0779;2846.876;32.79541;0;0;0;50;False
rural;-401.1735;2866.65;38.61121;0;0;0;50;False
rural;-530.2831;2848.523;33.21326;0;0;0;50;False
rural;-637.4165;2854.566;31.56152;0;0;0;50;False
rural;-718.1786;2813.918;26.18665;0;0;0;50;False
rural;-822.5651;2758.439;22.31183;0;0;0;50;False
rural;-955.5204;2759.538;24.4408;0;0;0;50;False
rural;-1058.259;2715.594;20.98932;0;0;0;50;False
rural;-175.3692;2866.147;47.16064;0;0;0;50;False
rural;-183.0608;2662.359;56.39685;0;0;0;50;False
rural;-178.1162;2756.288;44.42096;0;0;0;50;False
rural;-176.468;2820.555;35.88519;0;0;0;50;False
rural;-181.962;2906.795;27.97351;0;0;0;50;False
rural;-168.7764;2961.175;30.58685;0;0;0;50;False
rural;-67.68636;2825.499;52.77393;0;0;0;50;False
rural;-9.449718;2793.091;56.62311;0;0;0;50;False
rural;-92.95886;2777.161;56.14001;0;0;0;50;False
rural;-146.2509;2743.654;55.30664;0;0;0;50;False
rural;-2687.236;2445.882;15.67113;0;0;0;50;False
rural;-2661.964;2601.026;15.67133;0;0;0;50;False
rural;-2645.482;2746.04;15.69855;0;0;0;50;False
rural;-2616.913;2902.039;15.672;0;0;0;50;False
rural;-2515.823;2845.408;2.371582;0;0;0;50;False
rural;-2412.535;2839.366;2.497559;0;0;0;50;False
rural;-2286.722;2842.661;3.337891;0;0;0;50;False
rural;-2193.873;2770.704;4.232727;0;0;0;50;False
rural;-2083.993;2709.183;2.729065;0;0;0;50;False
rural;-1979.606;2715.774;2.659912;0;0;0;50;False
rural;-1851.046;2692.704;3.121033;0;0;0;50;False
rural;-1767.537;2725.662;4.16925;0;0;0;50;False
rural;-1670.842;2735.549;4.483154;0;0;0;50;False
rural;-1564.258;2720.169;3.970398;0;0;0;50;False
rural;-1429.105;2694.367;4.021729;0;0;0;50;False
rural;-1299.996;2731.169;8.213562;0;0;0;50;False
rural;-1210.992;2793.789;13.77295;0;0;0;50;False
rural;-1103.31;2870.141;12.76874;0;0;0;50;False
rural;-1019.251;2898.704;10.89075;0;0;0;50;False
rural;-916.5128;2872.887;22.44659;0;0;0;50;False
rural;-787.4033;2899.803;24.12925;0;0;0;50;False
rural;-698.9495;2992.084;23.76105;0;0;0;50;False
rural;-612.6934;3020.648;23.67731;0;0;0;50;False
rural;-486.8803;2987.69;25.37268;0;0;0;50;False
rural;-307.7751;2949.239;27.52338;0;0;0;50;False
rural;-298.9847;3086.59;33.2851;0;0;0;50;False
rural;-177.5668;3150.858;36.02081;0;0;0;50;False
rural;-33.62342;3199.196;38.07367;0;0;0;50;False
rural;26.81083;3297.548;38.41595;0;0;0;50;False
rural;106.4742;3433.224;38.38336;0;0;0;50;False
rural;226.7932;3373.385;37.87616;0;0;0;50;False
rural;216.3546;3259.637;40.71783;0;0;0;50;False
rural;159.2168;3189.327;41.16791;0;0;0;50;False
rural;77.35583;3086.06;40.25757;0;0;0;50;False
rural;156.4698;3100.342;41.19019;0;0;0;50;False
rural;218.5522;3128.356;41.34296;0;0;0;50;False
rural;224.5956;2992.68;41.5415;0;0;0;50;False
rural;246.5717;2826.356;42.6825;0;0;0;50;False
rural;285.0299;2638.498;43.67096;0;0;0;50;False
rural;189.4339;2636.301;46.95087;0;0;0;50;False
rural;78.45464;2726.385;54.50171;0;0;0;50;False
rural;113.6164;2871.398;49.87848;0;0;0;50;False
rural;-32.52461;3005.426;39.2215;0;0;0;50;False
rural;197.6749;2564.181;49.05951;0;0;0;50;False
rural;223.4968;2499.365;53.51343;0;0;0;50;False
rural;308.1048;2581.21;43.18799;0;0;0;50;False
rural;264.702;2553.196;46.27728;0;0;0;50;False
rural;217.4534;2432.9;58.27606;0;0;0;50;False
rural;399.3055;2471.9;44.83911;0;0;0;50;False
rural;304.8084;2473.548;49.90533;0;0;0;50;False
rural;207.0148;2364.238;70.99463;0;0;0;50;False
rural;226.7932;2298.323;78.71423;0;0;0;50;False
rural;183.9399;2242.295;88.78162;0;0;0;50;False
rural;97.68372;2287.337;99.06049;0;0;0;50;False
rural;-3.406294;2269.76;113.9559;0;0;0;50;False
rural;-45.71027;2215.38;123.7164;0;0;0;50;False
rural;-70.43336;2144.521;134.2346;0;0;0;50;False
rural;-13.84494;2084.647;156.0421;0;0;0;50;False
rural;50.98453;2074.211;153.1483;0;0;0;50;False
rural;-71.53217;2003.901;178.604;0;0;0;50;False
rural;-139.1086;1970.943;189.5771;0;0;0;50;False
rural;61.97257;1875.916;187.2305;0;0;0;50;False
rural;105.3754;1958.859;164.9509;0;0;0;50;False
rural;122.4068;2045.098;148.1035;0;0;0;50;False
rural;381.1753;3105.796;42.45886;0;0;0;50;False
rural;518.5258;3055.261;38.94019;0;0;0;50;False
rural;406.4478;2993.74;39.45648;0;0;0;50;False
rural;331.7291;2953.092;41.22357;0;0;0;50;False
rural;684.9948;2955.834;43.41187;0;0;0;50;False
rural;866.2975;2829.496;56.95306;0;0;0;50;False
rural;1098.145;2838.285;37.52197;0;0;0;50;False
rural;1168.469;2970.116;39.47955;0;0;0;50;False
rural;945.4114;3094.256;40.28168;0;0;0;50;False
rural;1019.031;2996.482;39.78003;0;0;0;50;False
rural;713.5637;3095.355;43.31366;0;0;0;50;False
rural;1348.673;2962.426;39.93726;0;0;0;50;False
rural;1510.197;3061.299;40.29675;0;0;0;50;False
rural;1683.808;3134.948;42.27618;0;0;0;50;False
rural;1758.527;3054.751;60.90491;0;0;0;50;False
rural;1875;3216.244;44.47125;0;0;0;50;False
rural;1822.257;3293.145;42.18964;0;0;0;50;False
rural;1971.695;3290.948;44.55542;0;0;0;50;False
rural;428.4239;2621.818;42.66492;0;0;0;50;False
rural;524.0198;2631.705;41.27881;0;0;0;50;False
rural;519.0753;2686.635;41.61523;0;0;0;50;False
rural;425.1275;2676.198;42.98822;0;0;0;50;False
rural;597.0904;2697.071;40.55273;0;0;0;50;False
rural;753.67;2699.818;39.14606;0;0;0;50;False
rural;732.2433;2417.557;59.19135;0;0;0;50;False
rural;752.0218;2497.754;71.30347;0;0;0;50;False
rural;764.1086;2569.163;74.38995;0;0;0;50;False
rural;668.5126;2506.543;64.42468;0;0;0;50;False
rural;644.339;2613.106;49.35736;0;0;0;50;False
rural;552.0394;2539.501;51.33722;0;0;0;50;False
rural;564.1262;2458.205;58.17859;0;0;0;50;False
rural;627.8569;2428.543;54.82861;0;0;0;50;False
rural;688.2911;2378.008;51.42157;0;0;0;50;False
rural;677.3031;2297.811;50.09528;0;0;0;50;False
rural;477.3207;2413.163;46.224;0;0;0;50;False
rural;572.9167;2352.74;47.61591;0;0;0;50;False
rural;704.7732;2198.939;58.32306;0;0;0;50;False
rural;845.4202;2238.488;47.5813;0;0;0;50;False
rural;778.3931;2272.544;47.80396;0;0;0;50;False
rural;828.9381;2408.769;53.45776;0;0;0;50;False
rural;858.6058;2536.206;65.05945;0;0;0;50;False
rural;999.2528;2540.6;53.50354;0;0;0;50;False
rural;1072.873;2543.896;53.69403;0;0;0;50;False
rural;903.6568;2479.079;50.38586;0;0;0;50;False
rural;924.5341;2374.713;47.10919;0;0;0;50;False
rural;1155.283;2474.685;53.02405;0;0;0;50;False
rural;1160.777;2253.868;48.78107;0;0;0;50;False
rural;977.2767;2152.125;47.77747;0;0;0;50;False
rural;898.7122;2215.843;47.57129;0;0;0;50;False
rural;924.5341;2100.491;53.01849;0;0;0;50;False
rural;903.6568;2168.604;48.41913;0;0;0;50;False
rural;895.9652;2054.9;61.41516;0;0;0;50;False
rural;981.6719;2037.322;57.35486;0;0;0;50;False
rural;1056.391;2051.604;51.47876;0;0;0;50;False
rural;1015.735;2113.125;48.44421;0;0;0;50;False
rural;842.6732;2073.027;67.48999;0;0;0;50;False
rural;795.4246;2120.815;61.5274;0;0;0;50;False
rural;698.7298;2132.35;62.40265;0;0;0;50;False
rural;587.7505;2131.801;72.1405;0;0;0;50;False
rural;628.9557;2182.885;65.09436;0;0;0;50;False
rural;465.7832;2114.773;94.95435;0;0;0;50;False
rural;443.8071;2035.675;105.6071;0;0;0;50;False
rural;355.9028;2042.815;116.1537;0;0;0;50;False
rural;278.9865;2035.125;122.5588;0;0;0;50;False
rural;215.2558;2102.139;117.0894;0;0;0;50;False
rural;334.4761;2090.055;101.0729;0;0;0;50;False
rural;409.7442;2119.167;92.04816;0;0;0;50;False
rural;504.2414;2175.745;79.94122;0;0;0;50;False
rural;310.3024;1772.506;226.2724;0;0;0;50;False
rural;289.9745;1811.506;218.4172;0;0;0;50;False
rural;229.5403;1786.238;207.2486;0;0;0;50;False
rural;230.0897;1905.435;180.9067;0;0;0;50;False
rural;176.7976;1885.66;170.1384;0;0;0;50;False
rural;159.2168;1936.745;155.3548;0;0;0;50;False
rural;215.2558;1988.928;137.7391;0;0;0;50;False
rural;926.7317;1731.298;165.1985;0;0;0;50;False
rural;875.0879;1768.101;155.2065;0;0;0;50;False
rural;836.0803;1795.566;147.6134;0;0;0;50;False
rural;890.4712;1841.706;140.6418;0;0;0;50;False
rural;830.0369;1829.622;136.6515;0;0;0;50;False
rural;765.2075;1827.974;128.64;0;0;0;50;False
rural;764.1086;1888.946;117.6722;0;0;0;50;False
rural;779.4919;1958.157;104.9201;0;0;0;50;False
rural;820.6971;1966.946;98.47284;0;0;0;50;False
rural;861.9022;1933.988;91.97546;0;0;0;50;False
rural;851.4636;2008.692;76.69379;0;0;0;50;False
rural;1098.145;554.0884;95.28455;0;0;0;50;False
rural;1157.481;722.1725;138.7916;0;0;0;50;False
rural;1071.774;754.0316;154.0139;0;0;0;50;False
rural;1210.223;659.5529;98.84552;0;0;0;50;False
rural;1261.867;776.0033;102.9401;0;0;0;50;False
rural;1295.93;922.1156;104.9417;0;0;0;50;False
rural;1302.523;1102.284;104.6412;0;0;0;50;False
rural;1295.93;1192.369;106.2255;0;0;0;50;False
rural;1368.451;1134.603;112.7714;0;0;0;50;False
rural;1432.182;1187.335;113.162;0;0;0;50;False
rural;1505.252;1151.631;113.2141;0;0;0;50;False
rural;1509.647;1039.025;113.217;0;0;0;50;False
rural;1430.534;1062.645;113.225;0;0;0;50;False
rural;1287.14;1424.189;99.51038;0;0;0;50;False
rural;1277.25;1618.639;89.67059;0;0;0;50;False
rural;1166.271;1808.695;73.37164;0;0;0;50;False
rural;1102.54;1957.004;57.6358;0;0;0;50;False
rural;1209.674;1878.438;77.15729;0;0;0;50;False
rural;1275.602;1899.311;80.43134;0;0;0;50;False
rural;1311.863;1937.212;85.38306;0;0;0;50;False
rural;1258.571;1932.818;77.83984;0;0;0;50;False
rural;1235.496;1849.325;78.64288;0;0;0;50;False
rural;1216.267;2000.412;67.39734;0;0;0;50;False
rural;1155.832;2062.482;55.92987;0;0;0;50;False
rural;1119.572;2156.981;52.70447;0;0;0;50;False
rural;1078.916;2218.502;47.59192;0;0;0;50;False
rural;927.2811;2255.854;44.11542;0;0;0;50;False
rural;897.6134;2320.121;46.24976;0;0;0;50;False
rural;1112.979;2408.008;49.74017;0;0;0;50;False
rural;1120.671;2303.642;47.11487;0;0;0;50;False
rural;1172.864;2377.248;56.60889;0;0;0;50;False
rural;1066.28;2439.318;48.51917;0;0;0;50;False
rural;372.3849;1727.356;238.9831;0;0;0;50;False
rural;463.5856;1793.271;228.4041;0;0;0;50;False
rural;599.8374;1796.567;201.8906;0;0;0;50;False
rural;708.0696;1718.567;183.1852;0;0;0;50;False
rural;841.025;1711.976;170.5762;0;0;0;50;False
rural;1036.063;1712.525;161.8743;0;0;0;50;False
rural;1033.316;1601.568;167.3789;0;0;0;50;False
rural;1062.434;1470.836;172.9236;0;0;0;50;False
rural;1150.338;1398.329;157.3494;0;0;0;50;False
rural;1232.199;1291.766;142.5479;0;0;0;50;False
rural;1183.852;1196.188;159.7381;0;0;0;50;False
rural;1153.085;1098.963;169.8434;0;0;0;50;False
rural;1235.496;997.893;141.9293;0;0;0;50;False
rural;1172.864;929.7805;148.8765;0;0;0;50;False
rural;1116.276;847.9357;151.2769;0;0;0;50;False
rural;992.66;901.239;209.2648;0;0;0;50;False
rural;1004.747;659.5494;160.3658;0;0;0;50;False
rural;927.2811;723.8169;181.0858;0;0;0;50;False
rural;954.2018;828.1829;197.6436;0;0;0;50;False
rural;1004.197;1025.929;244.0304;0;0;0;50;False
rural;914.0955;1069.872;276.9507;0;0;0;50;False
rural;824.5429;1091.844;301.4858;0;0;0;50;False
rural;807.5114;1164.9;320.0729;0;0;0;50;False
rural;742.6819;1201.154;325.2426;0;0;0;50;False
rural;825.6417;1241.252;348.8946;0;0;0;50;False
rural;850.9142;1287.942;358.1729;0;0;0;50;False
rural;642.1414;1220.379;318.7884;0;0;0;50;False
rural;556.4346;1192.914;298.9413;0;0;0;50;False
rural;500.3956;1237.407;284.9805;0;0;0;50;False
rural;444.3565;1303.872;271.9318;0;0;0;50;False
rural;409.1948;1240.703;255.7144;0;0;0;50;False
rural;426.7757;1126.999;234.6529;0;0;0;50;False
rural;530.0633;1084.154;227.0786;0;0;0;50;False
rural;491.6051;976.4923;205.5569;0;0;0;50;False
rural;467.9808;876.5208;197.1049;0;0;0;50;False
rural;567.972;804.0139;200.2514;0;0;0;50;False
rural;673.4573;784.7886;204.7032;0;0;0;50;False
rural;774.5473;852.9011;213.6762;0;0;0;50;False
rural;820.6971;962.7599;238.2238;0;0;0;50;False
rural;946.5102;975.9431;225.9427;0;0;0;50;False
rural;545.996;1357.223;296.0424;0;0;0;50;False
rural;630.6039;1400.618;319.7154;0;0;0;50;False
rural;734.9904;1362.167;337.2975;0;0;0;50;False
rural;832.2346;1359.42;349.3153;0;0;0;50;False
rural;1555.797;1330.145;93.37506;0;0;0;50;False
rural;1500.308;1438.356;101.474;0;0;0;50;False
rural;1496.462;1578.976;110.7657;0;0;0;50;False
rural;1505.252;1704.764;109.4178;0;0;0;50;False
rural;1477.782;1834.397;106.4925;0;0;0;50;False
rural;1376.692;1859.116;96.62451;0;0;0;50;False
rural;1493.715;1934.918;104.3864;0;0;0;50;False
rural;1507.999;2020.059;97.75104;0;0;0;50;False
rural;1497.011;2117.833;89.67773;0;0;0;50;False
rural;1483.276;2204.622;79.98535;0;0;0;50;False
rural;1521.734;2233.735;74.40643;0;0;0;50;False
rural;1529.975;2176.608;78.45056;0;0;0;50;False
rural;1578.872;2205.171;77.96729;0;0;0;50;False
rural;1421.743;2198.58;87.46411;0;0;0;50;False
rural;1422.842;2145.298;96.7403;0;0;0;50;False
rural;1448.664;2119.481;97.92053;0;0;0;50;False
rural;1410.755;2085.974;108.0479;0;0;0;50;False
rural;1435.478;2043.679;116.1019;0;0;0;50;False
rural;1446.466;1976.115;117.8674;0;0;0;50;False
rural;1391.526;1965.13;106.9234;0;0;0;50;False
rural;1331.092;2012.369;91.91077;0;0;0;50;False
rural;1395.921;2351.306;72.12512;0;0;0;50;False
rural;1444.269;2289.785;73.0235;0;0;0;50;False
rural;1269.559;2377.673;71.69696;0;0;0;50;False
rural;1428.885;2441.391;53.31384;0;0;0;50;False
rural;1408.008;2530.376;40.19971;0;0;0;50;False
rural;1331.092;2584.207;37.51556;0;0;0;50;False
rural;921.2377;2702.406;39.63495;0;0;0;50;False
rural;1134.955;2690.871;37.27502;0;0;0;50;False
rural;1258.021;2684.829;36.59003;0;0;0;50;False
rural;1392.625;2698.012;36.59772;0;0;0;50;False
rural;1268.46;2815.014;46.13153;0;0;0;50;False
rural;1355.266;2780.408;48.13416;0;0;0;50;False
rural;1413.502;2806.225;50.24304;0;0;0;50;False
rural;1451.411;2830.943;50.99426;0;0;0;50;False
rural;1533.821;2858.958;54.08801;0;0;0;50;False
rural;1597.002;2886.971;56.03943;0;0;0;50;False
rural;1672.271;2949.042;54.42303;0;0;0;50;False
rural;1715.673;2989.14;61.71576;0;0;0;50;False
rural;1717.871;3090.76;51.862;0;0;0;50;False
rural;82.84986;3589.563;38.77374;0;0;0;50;False
rural;100.4307;3712.605;38.70569;0;0;0;50;False
rural;26.81083;3717;38.68756;0;0;0;50;False
rural;58.67616;3653.403;38.69922;0;0;0;50;False
rural;-53.9513;3606.713;43.3678;0;0;0;50;False
rural;-159.9859;3662.741;44.74493;0;0;0;50;False
rural;-207.2345;3802.262;38.44531;0;0;0;50;False
rural;-234.1552;3909.58;36.81372;0;0;0;50;False
rural;-294.5895;3976.044;42.3371;0;0;0;50;False
rural;-367.66;3999.664;49.0163;0;0;0;50;False
rural;-440.7305;3954.622;68.00476;0;0;0;50;False
rural;-520.3938;3961.763;88.82062;0;0;0;50;False
rural;-611.0452;3978.25;118.0499;0;0;0;50;False
rural;-657.1949;4016.7;126.9979;0;0;0;50;False
rural;-750.5934;4040.32;146.709;0;0;0;50;False
rural;-823.1144;4053.503;162.3987;0;0;0;50;False
rural;-880.8017;4093.602;162.8708;0;0;0;50;False
rural;-939.0383;4151.278;140.4838;0;0;0;50;False
rural;-1025.844;4153.526;119.7883;0;0;0;50;False
rural;-1036.282;4210.103;117.3881;0;0;0;50;False
rural;-1059.907;4270.525;105.3222;0;0;0;50;False
rural;-1115.396;4290.3;89.26135;0;0;0;50;False
rural;-1201.653;4294.694;76.51526;0;0;0;50;False
rural;-1268.13;4285.356;66.16772;0;0;0;50;False
rural;-1298.897;4247.455;60.89435;0;0;0;50;False
rural;-1325.268;4183.737;62.19617;0;0;0;50;False
rural;-1358.232;4130.455;61.9809;0;0;0;50;False
rural;-1397.24;4179.342;47.88715;0;0;0;50;False
rural;-1441.741;4219.99;49.1413;0;0;0;50;False
rural;-1505.472;4224.385;59.79877;0;0;0;50;False
rural;-1568.104;4209.004;78.00153;0;0;0;50;False
rural;-1640.625;4211.202;83.33826;0;0;0;50;False
rural;-1679.633;4254.596;76.48615;0;0;0;50;False
rural;-1718.091;4325.455;64.47009;0;0;0;50;False
rural;-1802.699;4385.877;51.16968;0;0;0;50;False
rural;-1875.22;4423.778;46.37628;0;0;0;50;False
rural;-1932.907;4464.976;32.19983;0;0;0;50;False
rural;-1858.188;4500.68;21.51691;0;0;0;50;False
rural;-1788.414;4479.807;11.72192;0;0;0;50;False
rural;-1726.881;4453.99;3.416382;0;0;0;50;False
rural;-1664.249;4453.44;1.073242;0;0;0;50;False
rural;-1623.594;4399.609;1.417542;0;0;0;50;False
rural;-1593.926;4351.821;1.703918;0;0;0;50;False
rural;-1530.195;4318.863;4.363464;0;0;0;50;False
rural;-1455.476;4306.229;1.434937;0;0;0;50;False
rural;-1368.121;4301.835;1.495544;0;0;0;50;False
rural;-1314.28;4338.088;5.958618;0;0;0;50;False
rural;-1236.265;4365.611;6.984985;0;0;0;50;False
rural;-1159.349;4368.907;7.761414;0;0;0;50;False
rural;-1080.784;4371.654;12.07532;0;0;0;50;False
rural;-1007.164;4357.921;11.13348;0;0;0;50;False
rural;-936.8407;4365.062;12.58893;0;0;0;50;False
rural;-869.8137;4400.767;19.81854;0;0;0;50;False
rural;-801.1384;4411.203;17.88434;0;0;0;50;False
rural;-741.2535;4416.146;19.74133;0;0;0;50;False
rural;-680.8193;4387.583;25.85559;0;0;0;50;False
rural;-594.0137;4368.358;48.79706;0;0;0;50;False
rural;-520.9432;4365.062;66.45978;0;0;0;50;False
rural;-463.256;4334.302;60.5401;0;0;0;50;False
rural;-397.3277;4289.26;52.026;0;0;0;50;False
rural;-339.0911;4254.654;42.42578;0;0;0;50;False
rural;-263.2736;4231.583;43.42993;0;0;0;50;False
rural;-198.9935;4221.685;43.71741;0;0;0;50;False
rural;-223.7166;4161.812;41.54071;0;0;0;50;False
rural;-239.6493;4100.291;37.13232;0;0;0;50;False
rural;-224.266;4016.248;35.90137;0;0;0;50;False
rural;300.9626;3293.772;40.86212;0;0;0;50;False
rural;430.0721;3228.955;42.24487;0;0;0;50;False
rural;579.5095;3206.434;39.16791;0;0;0;50;False
rural;733.8915;3204.786;37.95605;0;0;0;50;False
rural;893.2182;3217.42;37.61469;0;0;0;50;False
rural;1048.699;3248.729;36.80029;0;0;0;50;False
rural;1115.177;3344.856;33.86554;0;0;0;50;False
rural;1204.729;3281.687;37.6012;0;0;0;50;False
rural;1317.357;3313.546;35.83502;0;0;0;50;False
rural;1454.158;3353.095;37.29651;0;0;0;50;False
rural;1555.248;3405.278;35.3761;0;0;0;50;False
rural;1712.377;3477.785;36.73749;0;0;0;50;False
rural;1768.416;3384.465;38.27869;0;0;0;50;False
rural;1738.199;3281.115;40.11328;0;0;0;50;False
rural;1648.646;3262.988;40.19092;0;0;0;50;False
rural;1550.303;3234.974;39.90967;0;0;0;50;False
rural;1467.893;3214.101;39.9386;0;0;0;50;False
rural;1352.518;3180.044;39.81189;0;0;0;50;False
rural;1235.496;3190.481;39.50745;0;0;0;50;False
rural;1113.528;3163.566;40.26416;0;0;0;50;False
rural;1100.343;3056.453;39.9079;0;0;0;50;False
rural;1531.624;3171.256;39.9162;0;0;0;50;False
rural;1305.27;3111.383;39.90796;0;0;0;50;False
rural;1769.515;3242.664;41.04364;0;0;0;50;False
rural;-1463.718;2794.418;20.87607;0;0;0;50;False
rural;-1553.27;2899.333;30.37469;0;0;0;50;False
rural;-1590.08;2998.206;32.25708;0;0;0;50;False
rural;-1613.155;3184.967;29.40637;0;0;0;50;False
rural;-1669.743;3084.446;30.43469;0;0;0;50;False
rural;-2476.266;3664.597;12.77144;0;0;0;50;False
rural;-2545.49;3590.442;10.888;0;0;0;50;False
rural;-2579.553;3502.555;11.65393;0;0;0;50;False
rural;-2695.477;3481.682;12.1485;0;0;0;50;False
rural;-2814.698;3514.09;7.8255;0;0;0;50;False
rural;-2914.689;3527.273;7.143127;0;0;0;50;False
rural;-2984.463;3471.245;8.526062;0;0;0;50;False
rural;-3016.328;3358.64;9.537964;0;0;0;50;False
rural;-2983.364;3282.288;8.916565;0;0;0;50;False
rural;-2902.602;3207.035;10.05695;0;0;0;50;False
rural;-2829.531;3132.331;8.895508;0;0;0;50;False
rural;-2730.09;3064.218;8.024841;0;0;0;50;False
rural;-2660.316;2996.105;8.090637;0;0;0;50;False
rural;-2436.709;3826.243;21.65826;0;0;0;50;False
rural;-2388.362;3949.284;23.75519;0;0;0;50;False
rural;-2337.816;4094.298;32.91138;0;0;0;50;False
rural;-2247.715;4259.086;44.41498;0;0;0;50;False
rural;-2159.261;4436.994;61.66388;0;0;0;50;False
rural;-2047.732;4529.311;27.85461;0;0;0;50;False
rural;-2124.648;4512.833;28.02765;0;0;0;50;False
rural;-2192.972;4502.945;33.57098;0;0;0;50;False
rural;-2229.035;4445.818;38.35956;0;0;0;50;False
rural;-2258.703;4397.48;39.02795;0;0;0;50;False
rural;-2258.703;4338.157;43.02649;0;0;0;50;False
rural;-2293.864;4300.255;32.76465;0;0;0;50;False
rural;-2400.448;4237.086;11.06201;0;0;0;50;False
rural;-2332.323;4266.199;27.21057;0;0;0;50;False
rural;-91.86005;4303.056;45.46077;0;0;0;50;False
rural;-38.01863;4426.098;57.11899;0;0;0;50;False
rural;86.14627;4444.774;65.13953;0;0;0;50;False
rural;179.5447;4421.704;73.45844;0;0;0;50;False
rural;267.449;4512.886;64.17596;0;0;0;50;False
rural;369.6378;4464.548;61.83984;0;0;0;50;False
rural;434.4673;4367.873;62.39722;0;0;0;50;False
rural;535.5573;4261.31;52.15466;0;0;0;50;False
rural;689.39;4249.225;54.14282;0;0;0;50;False
rural;794.8752;4271.131;55.60626;0;0;0;50;False
rural;855.3094;4235.976;49.16028;0;0;0;50;False
rural;844.3214;4345.835;50.97028;0;0;0;50;False
rural;820.1477;4440.313;51.69568;0;0;0;50;False
rural;868.4951;4484.257;51.67017;0;0;0;50;False
rural;981.6719;4429.328;45.84552;0;0;0;50;False
rural;1101.442;4438.116;61.78455;0;0;0;50;False
rural;1219.014;4463.384;53.69733;0;0;0;50;False
rural;1328.894;4474.37;60.66901;0;0;0;50;False
rural;1446.466;4496.341;49.45782;0;0;0;50;False
rural;1537.667;4564.484;50.37335;0;0;0;50;False
rural;1656.338;4576.569;42.32141;0;0;0;50;False
rural;1747.539;4579.865;38.38959;0;0;0;50;False
rural;100.4307;4538.674;91.78571;0;0;0;50;False
rural;4.83474;4529.885;107.1979;0;0;0;50;False
rural;-99.00229;4591.406;122.1613;0;0;0;50;False
rural;-290.7437;4674.899;241.8588;0;0;0;50;False
rural;-332.4982;4753.998;227.4401;0;0;0;50;False
rural;-372.0552;4819.913;216.619;0;0;0;50;False
rural;-391.2843;4902.307;191.5811;0;0;0;50;False
rural;-567.6424;4881.983;167.5068;0;0;0;50;False
rural;-586.8715;4753.998;211.2112;0;0;0;50;False
rural;-513.2516;4736.42;235.9502;0;0;0;50;False
rural;-430.2918;4739.167;251.0452;0;0;0;50;False
rural;-368.2094;4687.533;254.815;0;0;0;50;False
rural;-490.1767;4890.772;175.465;0;0;0;50;False
rural;-407.2169;4928.124;181.1338;0;0;0;50;False
rural;-463.256;4916.04;168.3037;0;0;0;50;False
rural;-481.9357;4978.11;147.4257;0;0;0;50;False
rural;-519.8444;5026.997;133.0762;0;0;0;50;False
rural;-597.8596;5077.532;132.3812;0;0;0;50;False
rural;-512.7022;4943.504;146.3489;0;0;0;50;False
rural;-595.6619;5002.828;142.2533;0;0;0;50;False
rural;-554.4567;4978.11;145.9763;0;0;0;50;False
rural;-519.8444;4856.167;178.6362;0;0;0;50;False
rural;-556.6544;4807.829;194.8141;0;0;0;50;False
rural;-630.8237;4716.096;229.1458;0;0;0;50;False
rural;-704.993;4766.631;222.389;0;0;0;50;False
rural;-762.6802;4811.124;232.4957;0;0;0;50;False
rural;-798.3914;4871.546;259.4142;0;0;0;50;False
rural;-845.0905;4887.476;284.8464;0;0;0;50;False
rural;-869.2642;4827.603;297.4705;0;0;0;50;False
rural;-900.0308;4770.477;294.2898;0;0;0;50;False
rural;-950.5757;4735.871;278.2627;0;0;0;50;False
rural;-1013.208;4711.702;244.6068;0;0;0;50;False
rural;-951.1252;4621.618;237.8215;0;0;0;50;False
rural;-966.5084;4671.604;247.9459;0;0;0;50;False
rural;-1056.61;4772.674;234.8129;0;0;0;50;False
rural;-1101.661;4818.265;215.2653;0;0;0;50;False
rural;-1022.547;4838.04;256.4728;0;0;0;50;False
rural;-1068.697;4866.603;221.4519;0;0;0;50;False
rural;-1103.31;4920.983;215.5223;0;0;0;50;False
rural;-1041.227;4914.392;206.75;0;0;0;50;False
rural;-1018.702;4957.236;196.0628;0;0;0;50;False
rural;-968.7061;5002.279;181.6183;0;0;0;50;False
rural;-1050.018;5013.265;184.3088;0;0;0;50;False
rural;-1074.191;5075.335;161.1909;0;0;0;50;False
rural;-1162.096;4855.617;194.3845;0;0;0;50;False
rural;-1240.66;4855.617;172.2692;0;0;0;50;False
rural;-1314.829;4852.871;142.8041;0;0;0;50;False
rural;-1321.422;4923.729;150.0553;0;0;0;50;False
rural;-1281.316;4968.223;150.6644;0;0;0;50;False
rural;-1229.123;5018.208;155.2599;0;0;0;50;False
rural;-1143.965;5041.828;156.0959;0;0;0;50;False
rural;-1376.912;4799.623;126.9422;0;0;0;50;False
rural;-1466.464;4807.313;83.0979;0;0;0;50;False
rural;-1492.836;4750.735;56.63153;0;0;0;50;False
rural;-1575.246;4741.947;49.88654;0;0;0;50;False
rural;-188.0054;4315.619;31.49001;0;0;0;50;False
rural;-235.254;4370.549;37.24164;0;0;0;50;False
rural;-256.1313;4433.718;50.79999;0;0;0;50;False
rural;-319.3126;4473.267;64.77167;0;0;0;50;False
rural;-370.407;4514.464;81.66803;0;0;0;50;False
rural;-434.1377;4538.633;96.02881;0;0;0;50;False
rural;-496.2201;4523.802;85.94763;0;0;0;50;False
rural;-565.9942;4539.182;77.46375;0;0;0;50;False
rural;-643.4599;4511.168;84.62671;0;0;0;50;False
rural;-702.7953;4546.873;83.16937;0;0;0;50;False
rural;-744.5499;4533.689;84.31451;0;0;0;50;False
rural;-814.8734;4535.886;92.0199;0;0;0;50;False
rural;-886.2957;4530.394;112.7466;0;0;0;50;False
rural;-942.3347;4544.675;118.2658;0;0;0;50;False
rural;-1000.022;4553.464;126.9662;0;0;0;50;False
rural;-1044.524;4593.013;119.5582;0;0;0;50;False
rural;-1132.977;4600.703;142.7039;0;0;0;50;False
rural;-1182.424;4651.788;142.4801;0;0;0;50;False
rural;-1248.901;4613.337;129.8508;0;0;0;50;False
rural;-1309.885;4630.915;112.0176;0;0;0;50;False
rural;-1257.692;4670.463;89.97198;0;0;0;50;False
rural;-1342.849;4708.914;60.26678;0;0;0;50;False
rural;-1396.141;4733.083;44.54205;0;0;0;50;False
rural;-1437.896;4717.703;41.14545;0;0;0;50;False
rural;-1524.152;4699.576;40.66705;0;0;0;50;False
rural;-1520.306;4651.238;28.57312;0;0;0;50;False
rural;-1562.06;4602.351;19.57446;0;0;0;50;False
rural;-1568.653;4551.816;16.34271;0;0;0;50;False
rural;-1561.511;4498.534;20.36499;0;0;0;50;False
rural;-1509.318;4474.365;16.69531;0;0;0;50;False
rural;-1441.192;4485.901;20.47205;0;0;0;50;False
rural;-1360.979;4471.07;22.95532;0;0;0;50;False
rural;-1304.94;4493.042;20.42834;0;0;0;50;False
rural;-1240.66;4488.647;25.40771;0;0;0;50;False
rural;-1180.226;4471.07;22.21155;0;0;0;50;False
rural;-1115.946;4423.831;11.55243;0;0;0;50;False
rural;-1043.425;4427.675;23.73236;0;0;0;50;False
rural;-962.1132;4432.07;17.79303;0;0;0;50;False
rural;-903.3272;4429.323;19.57611;0;0;0;50;False
rural;-1627.439;4561.713;42.39716;0;0;0;50;False
rural;-1659.854;4563.36;40.54938;0;0;0;50;False
rural;-1693.917;4599.614;46.83356;0;0;0;50;False
rural;-1662.052;4609.501;46.36096;0;0;0;50;False
rural;-1615.902;4628.177;44.99994;0;0;0;50;False
rural;-1587.882;4664.98;45.47455;0;0;0;50;False
rural;-1548.325;4684.754;44.14008;0;0;0;50;False
rural;-1624.143;4697.388;38.99213;0;0;0;50;False
rural;-1680.731;4668.276;24.56647;0;0;0;50;False
rural;-1637.329;4735.29;52.3678;0;0;0;50;False
rural;-1592.827;4779.233;50.19342;0;0;0;50;False
rural;-1738.968;4667.177;19.94159;0;0;0;50;False
rural;-1799.952;4667.177;6.862671;0;0;0;50;False
rural;-1834.015;4735.29;4.585938;0;0;0;50;False
rural;-1853.793;4777.036;3.583984;0;0;0;50;False
rural;-1835.663;4816.585;3.276855;0;0;0;50;False
rural;-1585.135;4834.725;57.71021;0;0;0;50;False
rural;-1537.887;4897.345;63.46393;0;0;0;50;False
rural;-1503.824;5002.809;61.78302;0;0;0;50;False
rural;-1596.123;4901.755;60.26227;0;0;0;50;False
rural;-1719.739;4785.854;57.55707;0;0;0;50;False
rural;-1814.236;4707.854;56.01282;0;0;0;50;False
rural;-1882.911;4635.897;56.00171;0;0;0;50;False
rural;-1966.421;4557.897;56.0575;0;0;0;50;False
rural;-2040.59;4478.25;56.1684;0;0;0;50;False
rural;-1013.757;5140.812;134.2325;0;0;0;50;False
rural;-984.0893;5192.445;121.2191;0;0;0;50;False
rural;-927.5009;5200.136;119.1843;0;0;0;50;False
rural;-872.0112;5200.136;113.4133;0;0;0;50;False
rural;-831.9049;5179.263;111.7184;0;0;0;50;False
rural;-872.5607;5146.854;150.0225;0;0;0;50;False
rural;-945.6312;5156.192;158.0541;0;0;0;50;False
rural;-991.2316;5112.798;166.2573;0;0;0;50;False
rural;-996.7256;5049.08;174.8991;0;0;0;50;False
rural;-791.2491;5125.981;141.974;0;0;0;50;False
rural;-723.1232;5089.178;136.7906;0;0;0;50;False
rural;-630.8237;5089.178;130.3161;0;0;0;50;False
rural;-676.9734;5145.755;119.9247;0;0;0;50;False
rural;-731.9137;5178.713;108.629;0;0;0;50;False
rural;-735.2101;5233.093;96.99567;0;0;0;50;False
rural;-779.1623;5265.501;88.75299;0;0;0;50;False
rural;-832.4543;5264.952;86.32141;0;0;0;50;False
rural;-845.0905;5319.333;76.62916;0;0;0;50;False
rural;-907.7224;5302.854;78.65704;0;0;0;50;False
rural;-923.1057;5250.671;82.66046;0;0;0;50;False
rural;-780.261;5327.572;74.51001;0;0;0;50;False
rural;-705.5424;5313.291;69.98358;0;0;0;50;False
rural;-663.7878;5250.122;75.21259;0;0;0;50;False
rural;-657.1949;5370.966;55.54486;0;0;0;50;False
rural;-710.487;5439.628;43.66223;0;0;0;50;False
rural;-634.1201;5450.614;52.15479;0;0;0;50;False
rural;-573.1364;5452.811;59.81512;0;0;0;50;False
rural;-554.4567;5523.121;58.11084;0;0;0;50;False
rural;-574.2352;5542.346;51.47711;0;0;0;50;False
rural;-628.0767;5498.402;50.46582;0;0;0;50;False
rural;-678.6216;5498.402;46.36481;0;0;0;50;False
rural;-747.2969;5468.741;36.27258;0;0;0;50;False
rural;-791.7985;5431.938;34.33807;0;0;0;50;False
rural;-847.2881;5448.966;33.16327;0;0;0;50;False
rural;-972.5519;5408.868;38.75519;0;0;0;50;False
rural;-1051.116;5342.952;43.40576;0;0;0;50;False
rural;-1145.064;5288.572;51.71655;0;0;0;50;False
rural;-1229.123;5264.952;49.19641;0;0;0;50;False
rural;-1310.984;5201.784;56.68451;0;0;0;50;False
rural;-1392.295;5096.319;60.12158;0;0;0;50;False
rural;-502.2635;5430.36;68.11188;0;0;0;50;False
rural;-455.015;5464.966;79.14734;0;0;0;50;False
rural;-469.8488;5543.515;75.59552;0;0;0;50;False
rural;-485.7815;5600.092;66.2597;0;0;0;50;False
rural;-501.1647;5652.825;55.73633;0;0;0;50;False
rural;-531.9313;5607.783;55.7832;0;0;0;50;False
rural;-517.6468;5727.529;45.3136;0;0;0;50;False
rural;-476.991;5774.219;50.1488;0;0;0;50;False
rural;-442.3787;5802.782;51.77728;0;0;0;50;False
rural;-433.0388;5858.81;38.56549;0;0;0;50;False
rural;-401.1735;5902.205;39.61566;0;0;0;50;False
rural;-372.6046;5957.134;38.23193;0;0;0;50;False
rural;-314.368;6025.247;32.01184;0;0;0;50;False
rural;-341.8381;5996.683;35.54785;0;0;0;50;False
rural;-575.8834;5253.367;69.46747;0;0;0;50;False
rural;-608.8476;5275.888;72.37567;0;0;0;50;False
rural;-559.4014;5384.648;68.34149;0;0;0;50;False
rural;-469.2994;5359.93;79.79114;0;0;0;50;False
rural;-791.7985;5552.286;31.9762;0;0;0;50;False
rural;-761.5814;5691.806;20.66943;0;0;0;50;False
rural;-719.8268;5682.468;24.87604;0;0;0;50;False
rural;-718.728;5626.44;27.71918;0;0;0;50;False
rural;-687.9615;5701.693;26.53058;0;0;0;50;False
rural;-601.7053;5704.44;35.71191;0;0;0;50;False
rural;-622.5826;5852.75;21.78595;0;0;0;50;False
rural;-640.7129;5784.088;23.57135;0;0;0;50;False
rural;-596.2113;5897.792;24.23712;0;0;0;50;False
rural;-573.6859;5979.637;27.91327;0;0;0;50;False
rural;-546.2157;6054.34;20.89819;0;0;0;50;False
rural;-533.0301;5874.721;32.40466;0;0;0;50;False
rural;-480.8369;5936.792;32.12238;0;0;0;50;False
rural;-476.4416;5992.271;30.33667;0;0;0;50;False
rural;-607.7488;6086.749;7.000732;0;0;0;50;False
rural;-667.6336;5996.665;10.4646;0;0;0;50;False
rural;-679.1711;5908.228;15.4516;0;0;0;50;False
rural;-712.1352;5812.102;16.34698;0;0;0;50;False
rural;92.1897;6799.928;18.79228;0;0;0;50;False
rural;121.308;6839.024;15.70728;0;0;0;50;False
rural;68.5654;6897.798;12.71326;0;0;0;50;False
rural;68.5654;6959.319;9.97467;0;0;0;50;False
rural;46.03991;7027.432;9.031555;0;0;0;50;False
rural;21.31681;6969.756;9.797302;0;0;0;50;False
rural;146.0311;6981.292;6.649963;0;0;0;50;False
rural;103.1777;7033.474;10.81311;0;0;0;50;False
rural;263.6032;6941.742;7.134155;0;0;0;50;False
rural;239.9789;6869.235;13.39307;0;0;0;50;False
rural;280.0853;6812.658;14.42932;0;0;0;50;False
rural;243.2753;6824.193;16.11383;0;0;0;50;False
rural;183.3905;6882.968;19.31134;0;0;0;50;False
rural;128.4502;6930.756;18.9505;0;0;0;50;False
rural;169.106;6846.714;19.33032;0;0;0;50;False
rural;178.9953;6774.756;17.45123;0;0;0;50;False
rural;250.9669;6754.982;14.09558;0;0;0;50;False
rural;321.8398;6733.01;15.06067;0;0;0;50;False
rural;382.2741;6701.151;15.41443;0;0;0;50;False
rural;432.2697;6656.658;19.04022;0;0;0;50;False
rural;481.1665;6586.898;25.34827;0;0;0;50;False
rural;29.55784;6761.012;19.93579;0;0;0;50;False
rural;-552.2592;6169.387;5.658936;0;0;0;50;False
rural;-526.4373;6272.654;8.66095;0;0;0;50;False
rural;-468.75;6358.344;11.19397;0;0;0;50;False
rural;-353.9249;6413.273;12.65503;0;0;0;50;False
rural;-255.0325;6487.978;10.30945;0;0;0;50;False
rural;-195.1477;6548.949;10.09778;0;0;0;50;False
rural;-123.176;6623.104;9.388;0;0;0;50;False
rural;-42.96326;6705.498;13.42236;0;0;0;50;False
rural;-458.8607;5142.46;106.4644;0;0;0;50;False
rural;-465.4536;5089.728;128.3956;0;0;0;50;False
rural;-448.9715;5050.178;148.9576;0;0;0;50;False
rural;-412.711;4998.545;173.2736;0;0;0;50;False
rural;-366.5612;4962.244;199.4962;0;0;0;50;False
rural;-321.5102;4979.272;235.6911;0;0;0;50;False
rural;-240.7481;4912.258;302.3102;0;0;0;50;False
rural;-278.1074;4946.314;265.8765;0;0;0;50;False
rural;-172.6222;4907.863;336.4746;0;0;0;50;False
rural;-103.3975;4936.427;374.8774;0;0;0;50;False
rural;-64.38995;4974.328;397.4516;0;0;0;50;False
rural;3.735935;5011.68;444.1156;0;0;0;50;False
rural;-46.80907;5009.483;412.6846;0;0;0;50;False
rural;19.6686;5046.835;453.7378;0;0;0;50;False
rural;75.15823;5019.37;462.8844;0;0;0;50;False
rural;92.1897;5086.384;500.1211;0;0;0;50;False
rural;113.067;5156.694;523.3469;0;0;0;50;False
rural;124.6044;5225.355;541.7559;0;0;0;50;False
rural;160.3156;5191.849;561.9753;0;0;0;50;False
rural;200.4219;5248.426;593.6207;0;0;0;50;False
rural;231.1885;5256.666;604.4299;0;0;0;50;False
rural;225.6944;5298.961;618.9955;0;0;0;50;False
rural;263.6032;5345.651;623.3232;0;0;0;50;False
rural;308.6542;5391.344;642.3211;0;0;0;50;False
rural;336.1243;5441.33;669.6061;0;0;0;50;False
rural;375.1319;5501.203;717.9165;0;0;0;50;False
rural;449.8506;5514.935;755.9998;0;0;0;50;False
rural;494.3521;5541.301;780.1588;0;0;0;50;False
rural;539.4031;5642.92;771.8612;0;0;0;50;False
rural;592.1458;5672.033;749.4257;0;0;0;50;False
rural;655.8764;5696.751;729.6681;0;0;0;50;False
rural;732.7927;5708.287;707.0599;0;0;0;50;False
rural;821.2465;5683.568;689.6404;0;0;0;50;False
rural;881.1313;5654.456;673.9088;0;0;0;50;False
rural;957.4982;5644.019;634.9802;0;0;0;50;False
rural;1018.482;5691.258;594.4791;0;0;0;50;False
rural;1071.774;5732.456;560.1223;0;0;0;50;False
rural;1147.591;5772.005;529.1321;0;0;0;50;False
rural;1259.12;5796.723;490.9619;0;0;0;50;False
rural;1358.012;5799.469;458.7278;0;0;0;50;False
rural;1472.838;5797.822;439.1092;0;0;0;50;False
rural;1589.311;5808.808;413.8129;0;0;0;50;False
rural;1533.272;5805.512;415.8101;0;0;0;50;False
rural;1676.116;5828.033;376.4196;0;0;0;50;False
rural;1773.361;5828.033;347.9451;0;0;0;50;False
rural;1864.561;5828.033;310.1024;0;0;0;50;False
rural;1944.774;5820.892;269.7559;0;0;0;50;False
rural;2043.117;5781.892;223.0275;0;0;0;50;False
rural;2001.363;5800.019;240.6403;0;0;0;50;False
rural;2115.638;5776.399;194.9679;0;0;0;50;False
rural;2076.631;5780.244;210.8978;0;0;0;50;False
rural;2150.8;5764.314;179.5708;0;0;0;50;False
rural;2202.444;5766.512;167.9501;0;0;0;50;False
rural;2251.341;5784.639;155.9308;0;0;0;50;False
rural;2290.348;5764.864;141.652;0;0;0;50;False
rural;2277.162;5708.836;121.8444;0;0;0;50;False
rural;2327.708;5662.695;97.98901;0;0;0;50;False
rural;2456.817;5534.16;46.97644;0;0;0;50;False
rural;2395.833;5606.667;77.14728;0;0;0;50;False
rural;2341.992;5638.526;85.32288;0;0;0;50;False
rural;2280.459;5642.371;63.71375;0;0;0;50;False
rural;2240.902;5622.597;53.47931;0;0;0;50;False
rural;2212.333;5635.23;55.14886;0;0;0;50;False
rural;2198.049;5571.548;52.8847;0;0;0;50;False
rural;2251.89;5559.464;50.61163;0;0;0;50;False
rural;2328.257;5524.309;50.55499;0;0;0;50;False
rural;2408.469;5469.929;50.3573;0;0;0;50;False
rural;2460.113;5408.957;51.8183;0;0;0;50;False
rural;2506.263;5328.76;55.84381;0;0;0;50;False
rural;2537.03;5242.521;50.73578;0;0;0;50;False
rural;2548.018;5138.155;47.40778;0;0;0;50;False
rural;2477.145;5111.24;45.1228;0;0;0;50;False
rural;2432.643;5193.634;55.34094;0;0;0;50;False
rural;2424.402;5252.408;68.68658;0;0;0;50;False
rural;2402.976;5313.929;93.81232;0;0;0;50;False
rural;2470.552;5246.915;75.14032;0;0;0;50;False
rural;2502.967;5183.197;67.91992;0;0;0;50;False
rural;2311.775;5356.225;119.5303;0;0;0;50;False
rural;2369.462;5347.985;105.6816;0;0;0;50;False
rural;2228.815;5392.479;143.5472;0;0;0;50;False
rural;2134.318;5382.042;163.8405;0;0;0;50;False
rural;2045.315;5380.394;170.1403;0;0;0;50;False
rural;1983.782;5396.873;169.4383;0;0;0;50;False
rural;1905.766;5389.732;201.9794;0;0;0;50;False
rural;1778.305;5439.168;259.5958;0;0;0;50;False
rural;1701.389;5454.548;301.418;0;0;0;50;False
rural;1639.856;5487.506;335.368;0;0;0;50;False
rural;1527.778;5522.112;405.1245;0;0;0;50;False
rural;1460.201;5538.591;440.7896;0;0;0;50;False
rural;1383.834;5557.282;464.5441;0;0;0;50;False
rural;1283.294;5561.677;485.1732;0;0;0;50;False
rural;1191.544;5572.113;526.0093;0;0;0;50;False
rural;1111.88;5589.142;566.8406;0;0;0;50;False
rural;1032.217;5608.367;601.1348;0;0;0;50;False
rural;1329.993;6585.311;2.554916;0;0;0;50;False
rural;1524.481;6600.691;1.710327;0;0;0;50;False
rural;1568.434;6526.994;18.25079;0;0;0;50;False
rural;1524.481;6557.206;14.5553;0;0;0;50;False
rural;1481.079;6568.191;9.977539;0;0;0;50;False
rural;1549.754;6614.881;1.573547;0;0;0;50;False
rural;1592.058;6621.473;14.13275;0;0;0;50;False
rural;1593.157;6570.938;12.55762;0;0;0;50;False
rural;1605.793;6495.685;18.49188;0;0;0;50;False
rural;1841.486;6407.259;43.20306;0;0;0;50;False
rural;1779.404;6410.006;34.93146;0;0;0;50;False
rural;1410.206;6596.708;11.44556;0;0;0;50;False
rural;1423.391;6513.764;18.29187;0;0;0;50;False
rural;2759.538;5234.784;54.43613;0;0;0;50;False
rural;2693.609;5129.319;43.83972;0;0;0;50;False
rural;2834.256;5271.037;86.3266;0;0;0;50;False
rural;2888.647;5302.313;94.8551;0;0;0;50;False
rural;2966.113;5350.102;102.2983;0;0;0;50;False
rural;2996.33;5419.862;128.7428;0;0;0;50;False
rural;2980.947;5466.552;149.3793;0;0;0;50;False
rural;2946.884;5451.172;165.0115;0;0;0;50;False
rural;2969.959;5517.087;177.7347;0;0;0;50;False
rural;3031.492;5547.298;189.5154;0;0;0;50;False
rural;3033.689;5625.298;208.8616;0;0;0;50;False
rural;3045.776;5691.213;227.3381;0;0;0;50;False
rural;2990.836;5625.298;233.2524;0;0;0;50;False
rural;2948.532;5693.96;266.8495;0;0;0;50;False
rural;2989.737;5741.749;295.7111;0;0;0;50;False
rural;2946.884;5765.917;318.9418;0;0;0;50;False
rural;2919.963;5845.565;346.2155;0;0;0;50;False
rural;2875.461;5904.889;365.1034;0;0;0;50;False
rural;2827.664;5979.593;347.0116;0;0;0;50;False
rural;2805.688;6087.98;291.5522;0;0;0;50;False
rural;2743.605;6148.952;250.2487;0;0;0;50;False
rural;2684.27;6145.107;230.9153;0;0;0;50;False
rural;2654.602;6109.952;215.0623;0;0;0;50;False
rural;2649.657;6190.149;194.7689;0;0;0;50;False
rural;2606.804;6168.177;171.6654;0;0;0;50;False
rural;2578.235;6208.825;153.1364;0;0;0;50;False
rural;2616.144;6264.304;129.6804;0;0;0;50;False
rural;2649.657;6325.276;120.954;0;0;0;50;False
rural;2707.894;6382.402;118.28;0;0;0;50;False
rural;2779.865;6354.388;106.1592;0;0;0;50;False
rural;2838.102;6322.529;76.92645;0;0;0;50;False
rural;2888.647;6307.149;59.63538;0;0;0;50;False
rural;2923.809;6266.501;73.95898;0;0;0;50;False
rural;2980.397;6229.698;89.40216;0;0;0;50;False
rural;3050.721;6218.712;111.5737;0;0;0;50;False
rural;3087.531;6157.191;115.6137;0;0;0;50;False
rural;3085.333;6090.178;121.9455;0;0;0;50;False
rural;3077.092;6033.051;130.0369;0;0;0;50;False
rural;3096.871;5975.924;141.4232;0;0;0;50;False
rural;3172.688;5965.488;131.5911;0;0;0;50;False
rural;3243.012;5984.164;89.74707;0;0;0;50;False
rural;3303.446;5950.107;88.81659;0;0;0;50;False
rural;3312.236;5895.178;72.33966;0;0;0;50;False
rural;3323.224;5845.742;57.85828;0;0;0;50;False
rural;3328.718;5769.939;42.05157;0;0;0;50;False
rural;3339.706;5702.925;10.33868;0;0;0;50;False
rural;3340.805;5637.559;20.14325;0;0;0;50;False
rural;3344.651;5580.433;19.24664;0;0;0;50;False
rural;3346.849;5522.756;18.28754;0;0;0;50;False
rural;3330.916;5465.63;18.07758;0;0;0;50;False
rural;3282.019;5418.231;14.82007;0;0;0;50;False
rural;3224.332;5396.809;19.13782;0;0;0;50;False
rural;3159.502;5374.288;24.98315;0;0;0;50;False
rural;3138.625;5312.767;29.79761;0;0;0;50;False
rural;3163.898;5264.429;28.58466;0;0;0;50;False
rural;3212.794;5229.823;22.68555;0;0;0;50;False
rural;3257.296;5200.71;18.99738;0;0;0;50;False
rural;3255.648;5148.527;18.66254;0;0;0;50;False
rural;3334.212;5163.358;21.19606;0;0;0;50;False
rural;3202.356;5128.753;16.89532;0;0;0;50;False
rural;3149.613;5110.626;18.97229;0;0;0;50;False
rural;3091.926;5100.189;21.56635;0;0;0;50;False
rural;3058.962;5045.26;24.17975;0;0;0;50;False
rural;2970.508;5047.007;28.15948;0;0;0;50;False
rural;2881.505;5036.021;30.73438;0;0;0;50;False
rural;2861.727;4960.218;53.9621;0;0;0;50;False
rural;3143.021;5038.218;20.59137;0;0;0;50;False
rural;3245.209;5011.852;19.90027;0;0;0;50;False
rural;3340.805;4963.514;28.44434;0;0;0;50;False
rural;3406.733;4895.24;34.63251;0;0;0;50;False
rural;3458.377;4818.338;34.03308;0;0;0;50;False
rural;3477.057;4710.677;49.91931;0;0;0;50;False
rural;3499.033;4607.409;54.94202;0;0;0;50;False
rural;3577.048;4536.001;43.63251;0;0;0;50;False
rural;3662.755;4486.564;27.68402;0;0;0;50;False
rural;3695.719;4556.874;24.47107;0;0;0;50;False
rural;3730.881;4427.241;18.0683;0;0;0;50;False
rural;3823.18;4466.715;2.225647;0;0;0;50;False
rural;2782.613;-709.6912;3.998749;0;0;0;50;False
rural;2714.487;-720.6771;16.36566;0;0;0;50;False
rural;2674.93;-803.0713;31.05463;0;0;0;50;False
rural;2658.448;-686.6208;40.07214;0;0;0;50;False
rural;2399.13;-689.9166;62.17822;0;0;0;50;False
rural;2545.271;-686.6208;55.47571;0;0;0;50;False
rural;2061.797;1882.354;91.84866;0;0;0;50;False
rural;1985.979;2119.649;90.84436;0;0;0;50;False
rural;2040.919;2206.437;99.3573;0;0;0;50;False
rural;2100.255;2091.085;88.94775;0;0;0;50;False
rural;2137.065;2049.309;91.22803;0;0;0;50;False
rural;2106.298;1997.676;93.11237;0;0;0;50;False
rural;2113.99;1897.155;92.32556;0;0;0;50;False
rural;2180.468;1930.662;98.49536;0;0;0;50;False
rural;2159.041;1992.183;93.16699;0;0;0;50;False
rural;2207.388;1836.183;106.423;0;0;0;50;False
rural;2259.582;1880.676;116.2256;0;0;0;50;False
rural;2291.996;1942.746;127.4199;0;0;0;50;False
rural;2268.372;2046.563;127.4166;0;0;0;50;False
rural;2328.257;2083.915;111.0616;0;0;0;50;False
rural;2163.986;2127.309;124.8527;0;0;0;50;False
rural;2213.981;2070.732;131.2184;0;0;0;50;False
rural;2108.496;2144.337;110.4174;0;0;0;50;False
rural;2045.315;2139.943;92.6452;0;0;0;50;False
rural;2178.27;2187.182;115.0449;0;0;0;50;False
rural;2182.665;2250.9;106.0405;0;0;0;50;False
rural;2154.096;2310.774;103.5846;0;0;0;50;False
rural;2132.12;2250.9;105.6105;0;0;0;50;False
rural;2162.337;2381.633;104.8588;0;0;0;50;False
rural;2087.619;2400.309;96.9422;0;0;0;50;False
rural;2045.864;2354.168;94.57788;0;0;0;50;False
rural;2001.363;2325.604;91.19659;0;0;0;50;False
rural;2017.295;2370.647;87.29761;0;0;0;50;False
rural;1973.892;2292.098;92.00214;0;0;0;50;False
rural;2053.006;2423.928;83.78168;0;0;0;50;False
rural;2092.014;2461.28;86.00488;0;0;0;50;False
rural;2160.14;2450.294;88.24585;0;0;0;50;False
rural;2205.74;2426.125;83.62689;0;0;0;50;False
rural;2228.815;2372.844;75.3515;0;0;0;50;False
rural;2233.21;2284.407;80.28876;0;0;0;50;False
rural;2255.736;2200.915;78.59735;0;0;0;50;False
rural;2293.095;2191.027;76.89758;0;0;0;50;False
rural;2300.787;2254.196;74.54059;0;0;0;50;False
rural;2317.269;2310.224;70.86432;0;0;0;50;False
rural;2323.312;2375.041;68.72687;0;0;0;50;False
rural;2298.589;2421.731;65.46442;0;0;0;50;False
rural;2374.956;2412.942;61.02783;0;0;0;50;False
rural;2417.26;2344.83;58.86694;0;0;0;50;False
rural;2432.643;2290.45;53.35864;0;0;0;50;False
rural;2452.971;2210.802;42.2323;0;0;0;50;False
rural;2474.398;2143.239;35.18469;0;0;0;50;False
rural;2476.046;2060.295;28.79706;0;0;0;50;False
rural;2502.417;1983.943;18.875;0;0;0;50;False
rural;2395.284;2026.788;89.6098;0;0;0;50;False
rural;2340.893;2046.563;101.5684;0;0;0;50;False
rural;2361.221;2113.577;102.6165;0;0;0;50;False
rural;2356.276;2180.591;101.9491;0;0;0;50;False
rural;2355.177;2270.126;94.88971;0;0;0;50;False
rural;2287.052;1992.732;130.912;0;0;0;50;False
rural;2340.344;1860.352;101.5398;0;0;0;50;False
rural;2167.282;1791.114;106.0282;0;0;0;50;False
rural;2107.947;1752.114;101.9777;0;0;0;50;False
rural;2069.488;1709.269;101.9952;0;0;0;50;False
rural;2089.267;1652.691;95.23474;0;0;0;50;False
rural;2145.306;1690.043;94.84052;0;0;0;50;False
rural;2222.772;1735.086;88.52808;0;0;0;50;False
rural;2186.511;1685.1;85.47601;0;0;0;50;False
rural;2185.412;1625.194;82.51965;0;0;0;50;False
rural;2183.764;1536.757;80.78247;0;0;0;50;False
rural;2186.511;1468.096;81.7644;0;0;0;50;False
rural;2226.617;1434.589;79.63226;0;0;0;50;False
rural;2222.772;1503.25;75.92413;0;0;0;50;False
rural;2220.025;1584.546;74.7196;0;0;0;50;False
rural;2222.772;1669.687;74.97003;0;0;0;50;False
rural;2263.427;1627.94;68.61041;0;0;0;50;False
rural;2261.23;1532.363;65.30359;0;0;0;50;False
rural;2260.131;1463.701;71.76422;0;0;0;50;False
rural;2261.779;1369.223;76.16608;0;0;0;50;False
rural;2298.04;1331.87;69.7605;0;0;0;50;False
rural;2301.885;1422.504;64.3291;0;0;0;50;False
rural;2302.984;1496.109;60.91791;0;0;0;50;False
rural;2303.534;1570.264;58.48987;0;0;0;50;False
rural;2299.138;1664.743;55.14246;0;0;0;50;False
rural;2344.739;1664.194;49.26746;0;0;0;50;False
rural;2345.288;1609.813;51.17297;0;0;0;50;False
rural;2339.794;1529.616;54.08435;0;0;0;50;False
rural;2344.189;1459.856;55.01184;0;0;0;50;False
rural;2341.443;1359.335;60.39661;0;0;0;50;False
rural;2343.091;1284.631;65.18317;0;0;0;50;False
rural;2383.747;1325.828;58.15125;0;0;0;50;False
rural;2385.944;1397.786;50.59943;0;0;0;50;False
rural;2384.845;1487.87;39.19843;0;0;0;50;False
rural;2419.458;1515.335;33.94977;0;0;0;50;False
rural;2477.694;1501.053;33.95612;0;0;0;50;False
rural;2485.386;1549.391;33.06586;0;0;0;50;False
rural;2502.967;1592.807;31.22131;0;0;0;50;False
rural;2541.974;1638.948;28.27869;0;0;0;50;False
rural;2539.227;1753.201;24.32721;0;0;0;50;False
rural;2537.03;1833.948;21.39667;0;0;0;50;False
rural;2536.48;1930.074;19.30731;0;0;0;50;False
rural;2988.638;2990.99;85.98322;0;0;0;50;False
rural;2954.026;2917.385;71.29077;0;0;0;50;False
rural;2955.674;2871.244;57.40875;0;0;0;50;False
rural;3017.757;2941.004;65.06982;0;0;0;50;False
rural;3022.701;2987.695;70.55945;0;0;0;50;False
rural;3066.654;3001.976;90.59625;0;0;0;50;False
rural;3076.543;2923.427;90.95746;0;0;0;50;False
rural;3037.535;2862.455;82.34973;0;0;0;50;False
rural;3077.092;2736.633;71.74384;0;0;0;50;False
rural;3005.12;2695.435;73.72833;0;0;0;50;False
rural;2902.932;2719.055;71.1925;0;0;0;50;False
rural;2876.56;2806.942;53.71198;0;0;0;50;False
rural;2941.39;2842.646;46.4588;0;0;0;50;False
rural;2963.915;2747.069;42.34961;0;0;0;50;False
rural;2976.002;2815.731;43.07898;0;0;0;50;False
rural;3001.275;2845.942;61.5744;0;0;0;50;False
rural;2990.836;2908.562;58.53125;0;0;0;50;False
rural;2886.999;2855.829;62.31775;0;0;0;50;False
rural;2866.122;2923.942;73.7879;0;0;0;50;False
rural;3044.677;2784.955;67.80157;0;0;0;50;False
rural;2824.367;2788.25;56.63867;0;0;0;50;False
rural;2817.774;2911.292;44.32935;0;0;0;50;False
rural;2741.407;2962.377;37.54419;0;0;0;50;False
rural;2688.115;2960.18;35.47321;0;0;0;50;False
rural;2790.304;2901.955;37.47723;0;0;0;50;False
rural;-1912.579;2154.248;111.6067;0;0;0;50;False
rural;-1905.986;2228.952;82.25476;0;0;0;50;False
rural;-1898.844;2281.684;64.41113;0;0;0;50;False
rural;-1831.817;2277.29;71.29285;0;0;0;50;False
rural;-1813.137;2222.36;86.77759;0;0;0;50;False
rural;-1763.142;2277.839;76.67578;0;0;0;50;False
rural;-1739.517;2224.008;92.51154;0;0;0;50;False
rural;-1665.348;2195.994;97.52057;0;0;0;50;False
rural;-1676.885;2172.924;104.6341;0;0;0;50;False
rural;-1724.134;2156.445;117.6887;0;0;0;50;False
rural;-1796.106;2154.248;117.9263;0;0;0;50;False
rural;-1865.88;2172.375;114.4869;0;0;0;50;False
rural;-1819.181;2108.107;136.0046;0;0;0;50;False
rural;-1740.616;2118.544;114.1467;0;0;0;50;False
rural;-1827.422;2060.319;134.9553;0;0;0;50;False
rural;-1920.271;2100.966;131.0746;0;0;0;50;False
rural;-1700.51;2267.97;73.63287;0;0;0;50;False
rural;-1813.137;2328.393;49.49591;0;0;0;50;False
rural;-1742.814;2395.956;41.66492;0;0;0;50;False
rural;-1789.513;2376.181;41.85077;0;0;0;50;False
rural;-1646.119;2330.041;47.59259;0;0;0;50;False
rural;-1693.368;2367.393;49.24445;0;0;0;50;False
rural;-1587.333;2268.52;66.66833;0;0;0;50;False
rural;-1574.697;2189.97;70.55902;0;0;0;50;False
rural;-1639.526;2228.97;86.23645;0;0;0;50;False
rural;-1675.237;2304.224;59.00195;0;0;0;50;False
rural;-1736.221;2306.97;73.06494;0;0;0;50;False
rural;-1975.211;1969.112;155.8651;0;0;0;50;False
rural;-1938.95;1896.055;178.1397;0;0;0;50;False
rural;-1956.531;1832.887;178.1418;0;0;0;50;False
rural;-1888.405;1865.295;160.4637;0;0;0;50;False
rural;-1841.706;1899.351;145.6337;0;0;0;50;False
rural;-1852.145;1930.112;149.3146;0;0;0;50;False
rural;-1897.196;1976.252;142.4454;0;0;0;50;False
rural;-1751.055;1994.379;116.0601;0;0;0;50;False
rural;-1703.257;2048.759;108.1862;0;0;0;50;False
rural;-1685.676;1993.83;123.0811;0;0;0;50;False
rural;-1701.059;1912.534;148.9949;0;0;0;50;False
rural;-1730.178;1960.872;122.4047;0;0;0;50;False
rural;-1734.023;1886.168;156.6746;0;0;0;50;False
rural;-1788.964;1914.182;135.6712;0;0;0;50;False
rural;-1775.778;1960.872;122.6287;0;0;0;50;False
rural;1287.14;-196.5372;101.8374;0;0;0;50;False
rural;1345.376;-111.9459;119.7846;0;0;0;50;False
rural;1536.568;-86.67833;154.7362;0;0;0;50;False
rural;1675.018;-65.80515;172.7653;0;0;0;50;False
rural;1654.14;47.34951;171.4263;0;0;0;50;False
rural;1804.677;131.9409;170.4028;0;0;0;50;False
rural;1845.332;230.8139;163.0415;0;0;0;50;False
rural;1806.874;313.208;170.4115;0;0;0;50;False
rural;1783.799;454.926;170.1823;0;0;0;50;False
rural;1882.692;405.4895;160.4485;0;0;0;50;False
rural;1883.79;472.5034;170.5976;0;0;0;50;False
rural;1953.015;636.1931;177.4809;0;0;0;50;False
rural;1912.359;779.0097;193.313;0;0;0;50;False
rural;1617.88;988.8401;99.61414;0;0;0;50;False
rural;1709.081;1134.953;124.6445;0;0;0;50;False
rural;1761.823;1270.079;133.6769;0;0;0;50;False
rural;1933.237;1338.191;157.041;0;0;0;50;False
rural;1991.473;1196.474;183.3156;0;0;0;50;False
rural;2006.857;985.5444;210.5196;0;0;0;50;False
rural;2271.668;1098.699;64.13422;0;0;0;50;False
rural;2303.534;995.4317;83.97455;0;0;0;50;False
rural;2381.549;884.4742;110.8354;0;0;0;50;False
rural;2410.118;776.8125;123.767;0;0;0;50;False
rural;2437.588;670.2494;133.6646;0;0;0;50;False
rural;2426.6;570.2778;144.0322;0;0;0;50;False
rural;2388.142;449.433;166.1494;0;0;0;50;False
rural;2379.351;338.4756;178.0052;0;0;0;50;False
rural;2338.696;240.7012;194.3922;0;0;0;50;False
rural;2245.297;158.307;219.1532;0;0;0;50;False
rural;2173.875;68.2227;225.4882;0;0;0;50;False
rural;2062.896;-6.481344;211.6077;0;0;0;50;False
rural;2002.461;-42.73478;203.3256;0;0;0;50;False
rural;1943.126;-70.1995;196.8209;0;0;0;50;False
rural;1864.012;-86.67833;188.2501;0;0;0;50;False
rural;1769.515;-84.48116;186.4331;0;0;0;50;False
rural;-609.397;5208.947;80.30774;0;0;0;50;False
rural;-550.0615;5211.144;81.5614;0;0;0;50;False
rural;-590.1679;5155.665;107.1064;0;0;0;50;False
rural;-645.6575;5063.933;141.4388;0;0;0;50;False
rural;-625.3297;4993.074;147.159;0;0;0;50;False
rural;-576.9822;4944.187;163.0809;0;0;0;50;False
rural;-544.0181;4924.412;155.9628;0;0;0;50;False
rural;541.0513;4617.286;212.4495;0;0;0;50;False
rural;444.3565;4821.624;320.6443;0;0;0;50;False
rural;338.8713;4975.426;434.5859;0;0;0;50;False
rural;125.7032;4742.525;252.944;0;0;0;50;False
rural;721.2552;5289.623;557.6991;0;0;0;50;False
rural;470.7278;5184.158;479.588;0;0;0;50;False
rural;1105.837;4999.595;294.1875;0;0;0;50;False
rural;910.2496;4808.44;237.3437;0;0;0;50;False
rural;1180.556;5318.186;354.0388;0;0;0;50;False
rural;947.609;5410.467;465.2329;0;0;0;50;False
rural;868.4951;5144.5;445.8716;0;0;0;50;False
rural;1376.143;5254.359;261.677;0;0;0;50;False
rural;1604.694;5234.584;183.9159;0;0;0;50;False
rural;1933.237;5614.862;199.2362;0;0;0;50;False
rural;1842.036;5729.073;293.9681;0;0;0;50;False
rural;1544.26;5629.102;356.1001;0;0;0;50;False
rural;1368.451;5707.101;412.7053;0;0;0;50;False
rural;-83.06962;5704.797;375.4656;0;0;0;50;False
rural;389.4163;6034.374;386.0903;0;0;0;50;False
rural;497.0992;5845.417;611.4896;0;0;0;50;False
rural;758.6146;5999.219;416.8976;0;0;0;50;False
rural;442.1589;6194.768;255.6116;0;0;0;50;False
rural;881.6807;6161.81;225.4454;0;0;0;50;False
rural;993.7588;5950.881;390.3671;0;0;0;50;False
rural;1206.927;6047.557;294.7045;0;0;0;50;False
rural;1459.652;5990.43;345.0942;0;0;0;50;False
rural;1178.358;6273.866;115.9424;0;0;0;50;False
rural;1510.197;6181.585;172.0487;0;0;0;50;False
rural;1798.084;6014.599;188.1472;0;0;0;50;False
rural;1721.167;6535.331;50.70154;0;0;0;50;False
rural;2015.647;6546.316;90.19324;0;0;0;50;False
rural;2204.641;6302.43;180.2466;0;0;0;50;False
rural;2112.342;6429.866;149.0945;0;0;0;50;False
rural;2402.426;6166.205;175.4099;0;0;0;50;False
rural;2428.797;6425.472;68.05273;0;0;0;50;False
rural;2235.408;6568.288;63.17328;0;0;0;50;False
rural;661.9199;6330.96;94.46936;0;0;0;50;False
rural;105.9248;6087.074;159.872;0;0;0;50;False
rural;-116.0338;5926.68;168.3787;0;0;0;50;False
rural;-116.0338;5197.217;319.5511;0;0;0;50;False
rural;-322.609;5254.343;175.6331;0;0;0;50;False
rural;-113.8361;5377.385;317.4918;0;0;0;50;False
rural;1343.179;4770.857;163.3265;0;0;0;50;False
rural;1417.897;4964.209;102.2177;0;0;0;50;False
rural;-2469.673;114.2576;122.8231;0;0;0;50;False
rural;-2597.134;329.581;194.7362;0;0;0;50;False
rural;-2722.398;327.3838;165.842;0;0;0;50;False
rural;-2682.841;175.7785;119.8471;0;0;0;50;False
rural;-2874.033;230.708;91.94568;0;0;0;50;False
rural;-2570.763;441.637;215.4128;0;0;0;50;False
rural;-2511.427;643.7774;247.1626;0;0;0;50;False
rural;-2555.38;793.1855;280.0769;0;0;0;50;False
rural;-2685.039;995.3258;221.9185;0;0;0;50;False
rural;-2871.835;975.5512;150.5391;0;0;0;50;False
rural;-2924.578;885.4669;106.0623;0;0;0;50;False
rural;-2975.123;1015.1;109.8174;0;0;0;50;False
rural;-2915.788;1107.715;93.4975;0;0;0;50;False
rural;-2485.056;887.9971;261.6069;0;0;0;50;False
rural;-2326.828;764.9551;249.6046;0;0;0;50;False
rural;-2399.35;597.9696;222.3911;0;0;0;50;False
rural;-2388.362;455.153;185.1917;0;0;0;50;False
rural;-2489.451;325.5196;165.5068;0;0;0;50;False
rural;-2652.074;532.0543;164.163;0;0;0;50;False
rural;-2792.721;483.7163;94.99805;0;0;0;50;False
rural;-2746.572;778.1382;165.2981;0;0;0;50;False
rural;-2227.936;877.0112;220.9586;0;0;0;50;False
rural;-2133.439;650.7018;164.5666;0;0;0;50;False
rural;-2249.912;-72.16962;104.8681;0;0;0;50;False
rural;-1948.84;1088.079;256.3512;0;0;0;50;False
rural;-2353.2;1277.036;328.6;0;0;0;50;False
rural;-1984.001;1415.458;267.6535;0;0;0;50;False
rural;-2216.948;1564.866;282.0229;0;0;0;50;False
rural;-1781.821;1575.852;224.339;0;0;0;50;False
rural;-2008.175;1626.387;243.7917;0;0;0;50;False
rural;-2230.134;1745.035;257.051;0;0;0;50;False
rural;-1636.779;1723.163;138.0092;0;0;0;50;False
rural;-1030.239;1613.304;263.029;0;0;0;50;False
rural;-1298.347;1129.781;279.2427;0;0;0;50;False
rural;-946.73;1362.682;296.1019;0;0;0;50;False
rural;-1263.186;1687.864;200.0414;0;0;0;50;False
rural;-1351.09;1393.442;203.7781;0;0;0;50;False
rural;-1144.515;1907.582;173.3099;0;0;0;50;False
rural;424.5781;1468.146;335.0771;0;0;0;50;False
rural;283.9311;1549.442;290.8807;0;0;0;50;False
rural;679.5007;1551.639;272.7587;0;0;0;50;False
rural;1026.723;1301.161;254.3736;0;0;0;50;False
rural;872.8903;1512.09;273.9418;0;0;0;50;False
rural;1162.975;1575.808;116.9666;0;0;0;50;False
rural;1422.293;1301.161;111.6435;0;0;0;50;False
rural;1391.526;1582.399;104.4731;0;0;0;50;False
rural;-408.3158;2213.406;180.2095;0;0;0;50;False
rural;-406.1181;2481.462;106.8627;0;0;0;50;False
rural;-32.52461;2375.997;123.079;0;0;0;50;False
rural;-32.52461;2582.532;90.62781;0;0;0;50;False
rural;-1878.516;3975.612;247.2704;0;0;0;50;False
rural;-1206.048;3859.162;486.9271;0;0;0;50;False
rural;-1584.037;3929.471;343.6012;0;0;0;50;False
rural;-937.9395;3845.979;405.3052;0;0;0;50;False
rural;-1355.485;3147.276;140.3554;0;0;0;50;False
rural;-1337.904;3562.543;350.7719;0;0;0;50;False
rural;-1900.492;3646.036;140.6482;0;0;0;50;False
rural;-933.5443;3516.402;284.7992;0;0;0;50;False
rural;-548.9627;3549.36;236.5225;0;0;0;50;False
rural;-291.8425;3364.797;132.7371;0;0;0;50;False
rural;-946.73;3175.84;136.576;0;0;0;50;False
rural;-584.1245;3771.275;163.8773;0;0;0;50;False
rural;3090.278;3468.088;108.4457;0;0;0;50;False
rural;3184.775;3668.031;131.3661;0;0;0;50;False
rural;3255.098;3852.594;130.9929;0;0;0;50;False
rural;3408.931;3960.256;135.1234;0;0;0;50;False
rural;3450.686;4186.565;239.1393;0;0;0;50;False
rural;3345.2;4527.127;156.0958;0;0;0;50;False
rural;3151.811;4311.804;129.4303;0;0;0;50;False
rural;3200.158;4573.269;178.5845;0;0;0;50;False
rural;3178.182;4764.531;188.3003;0;0;0;50;False
rural;3624.297;4226.223;153.2112;0;0;0;50;False
rural;3529.8;4415.18;120.3579;0;0;0;50;False
rural;3327.62;4744.757;153.5426;0;0;0;50;False
rural;3753.956;4063.632;52.03772;0;0;0;50;False
rural;3606.716;3966.956;60.65179;0;0;0;50;False
rural;3929.764;3641.599;22.11208;0;0;0;50;False
rural;3844.058;3430.67;23.02423;0;0;0;50;False
rural;3683.632;3202.163;22.41132;0;0;0;50;False
rural;3494.638;3013.206;72.98242;0;0;0;50;False
rural;3446.291;2830.84;15.62421;0;0;0;50;False
rural;3507.823;2571.573;9.028564;0;0;0;50;False
rural;3299.051;2549.602;18.39026;0;0;0;50;False
rural;3334.212;2865.995;84.3689;0;0;0;50;False
rural;3255.098;3063.741;206.915;0;0;0;50;False
rural;3380.362;3254.896;195.8519;0;0;0;50;False
rural;3477.057;3402.107;189.1773;0;0;0;50;False
rural;3367.177;3487.797;133.119;0;0;0;50;False
rural;3228.727;3327.403;154.7722;0;0;0;50;False
rural;2947.433;3156.023;158.8743;0;0;0;50;False
rural;3764.944;3564.77;55.30615;0;0;0;50;False
rural;3181.479;2174.639;41.16904;0;0;0;50;False
rural;3066.104;2006.555;23.85321;0;0;0;50;False
rural;3117.748;2417.427;64.80219;0;0;0;50;False
rural;2941.939;2497.625;163.553;0;0;0;50;False
rural;2861.727;2273.512;148.8024;0;0;0;50;False
rural;2791.403;2051.597;122.2661;0;0;0;50;False
rural;3114.451;1147.329;17.27748;0;0;0;50;False
rural;3044.128;1439.554;12.97041;0;0;0;50;False
rural;3081.487;1606.539;8.124146;0;0;0;50;False
rural;2951.828;1030.879;10.76398;0;0;0;50;False
rural;3107.859;630.9924;9.909775;0;0;0;50;False
rural;3019.954;903.4424;8.720337;0;0;0;50;False
rural;3145.218;-69.71295;16.55121;0;0;0;50;False
rural;3261.691;-138.3748;15.48389;0;0;0;50;False
rural;3216.64;182.4132;14.76794;0;0;0;50;False
rural;2814.478;-349.3045;48.68874;0;0;0;50;False
rural;2696.906;-119.6994;40.2149;0;0;0;50;False
rural;2882.604;231.849;1.780334;0;0;0;50;False
rural;2907.876;350.4966;1.223389;0;0;0;50;False
rural;2903.481;522.9751;40.73065;0;0;0;50;False
rural;2839.75;685.5662;39.56226;0;0;0;50;False
rural;2760.636;532.8624;75.49213;0;0;0;50;False
rural;2722.178;833.8757;54.55933;0;0;0;50;False
rural;2705.696;1084.354;26.30872;0;0;0;50;False
rural;2503.516;1135.988;77.21503;0;0;0;50;False
rural;1883.79;-2395.123;100.4434;0;0;0;50;False
rural;1967.3;-2133.659;109.3798;0;0;0;50;False
rural;1973.892;-1839.237;121.1769;0;0;0;50;False
rural;2215.629;-1924.927;86.80194;0;0;0;50;False
rural;2488.133;-1973.265;63.0578;0;0;0;50;False
rural;2444.181;-1696.42;46.14667;0;0;0;50;False
rural;2184.863;-1632.702;171.269;0;0;0;50;False
rural;2409.019;-1430.562;45.04327;0;0;0;50;False
rural;2189.258;-1292.14;143.1841;0;0;0;50;False
rural;2560.654;-1087.802;50.61536;0;0;0;50;False
rural;2321.115;-982.3377;120.834;0;0;0;50;False
rural;2354.079;-1166.901;58.80554;0;0;0;50;False
rural;2835.355;-1443.745;9.805939;0;0;0;50;False
rural;-1285.162;5366.658;1.716156;0;0;0;50;False
rural;-1074.191;5480.912;1.650513;0;0;0;50;False
rural;-933.5443;5584.179;1.673096;0;0;0;50;False
rural;-2153.217;4593.251;1.016174;0;0;0;50;False
rural;-2370.781;4340.576;3.244446;0;0;0;50;False
rural;-2489.451;4085.704;5.533386;0;0;0;50;False
rural;-2524.613;3857.197;4.32959;0;0;0;50;False
rural;-2548.787;3699;4.28479;0;0;0;50;False
rural;-2769.647;2728.566;1.22522;0;0;0;50;False
rural;-2530.107;2681.327;1.934875;0;0;0;50;False
rural;-2427.918;2527.524;1.674194;0;0;0;50;False
rural;-2297.161;2492.369;2.37561;0;0;0;50;False
rural;-2186.181;2680.228;1.870178;0;0;0;50;False
rural;-2342.212;2694.51;1.928528;0;0;0;50;False
rural;-2002.681;2584.651;1.935181;0;0;0;50;False
rural;-2125.747;2534.116;1.992493;0;0;0;50;False
rural;-2192.774;2493.468;4.955505;0;0;0;50;False
rural;-1930.16;2625.299;2.506958;0;0;0;50;False
rural;-1811.489;2540.707;2.763123;0;0;0;50;False
rural;-1914.777;2501.158;2.720215;0;0;0;50;False
rural;-1713.696;2628.594;0.3425903;0;0;0;50;False
rural;-1679.633;2540.707;3.681885;0;0;0;50;False
rural;-1530.195;2606.623;2.186462;0;0;0;50;False
rural;293.2709;4328.288;46.77971;0;0;0;50;False
rural;2710.091;5817.167;218.1548;0;0;0;50;False
rural;2761.735;5538.125;148.6761;0;0;0;50;False
rural;2550.765;5924.829;149.6134;0;0;0;50;False
rural;2358.474;6076.434;121.5052;0;0;0;50;False
rural;2224.42;5896.266;103.9042;0;0;0;50;False
rural;1965.102;6061.054;101.183;0;0;0;50;False
rural;1678.314;6272.069;79.08899;0;0;0;50;False
rural;1343.179;6292.942;72.33844;0;0;0;50;False
rural;816.8513;6299.534;97.10049;0;0;0;50;False
rural;532.2609;1613.227;279.9808;0;0;0;50;False
rural;-50.10548;1641.791;260.1125;0;0;0;50;False
rural;-423.699;1745.058;291.1641;0;0;0;50;False
rural;1031.118;1863.706;89.81998;0;0;0;50;False
rural;1140.999;1687.932;117.0748;0;0;0;50;False
rural;327.8833;2342.69;74.35532;0;0;0;50;False
rural;79.55344;2628.323;73.80304;0;0;0;50;False
rural;-904.9754;2228.437;126.9703;0;0;0;50;False
rural;-834.6519;2474.521;96.03735;0;0;0;50;False
rural;-1206.048;2386.634;80.11261;0;0;0;50;False
rural;-1434.599;2536.042;22.92731;0;0;0;50;False
rural;-2814.698;1760.532;98.18732;0;0;0;50;False
rural;-2768.548;1993.433;115.2344;0;0;0;50;False
rural;-2469.673;2118.672;125.5883;0;0;0;50;False
rural;-2148.822;2112.08;141.4284;0;0;0;50;False
rural;-2289.469;2162.615;81.05249;0;0;0;50;False
rural;-2120.253;1279.35;271.6561;0;0;0;50;False
rural;-1830.169;1252.984;216.6135;0;0;0;50;False
rural;1795.886;-661.1746;133.5775;0;0;0;50;False
rural;1620.077;-601.8508;148.377;0;0;0;50;False
rural;1659.634;-399.7104;215.3019;0;0;0;50;False
rural;1995.869;-437.0624;162.9764;0;0;0;50;False
rural;1839.838;-237.1192;293.4044;0;0;0;50;False
rural;2158.491;-333.795;148.0488;0;0;0;50;False
rural;2138.713;-166.8096;214.2347;0;0;0;50;False
rural;2303.534;-149.2321;145.6648;0;0;0;50;False
rural;2358.474;79.27435;181.5957;0;0;0;50;False
rural;225.6944;7418.102;18.31493;0;0;0;50;False
rural;-107.2433;7308.243;10.67975;0;0;0;50;False
rural;60.87377;7224.75;2.385254;0;0;0;50;False
rural;224.5956;7079.737;0.8309326;0;0;0;50;False
rural;400.4044;6909.456;2.199036;0;0;0;50;False
rural;385.0211;6835.85;2.93689;0;0;0;50;False
rural;550.9406;6664.47;9.387085;0;0;0;50;False
rural;788.2823;6621.625;1.094788;0;0;0;50;False
rural;988.2648;6598.555;3.566956;0;0;0;50;False
rural;1193.741;6578.78;1.857605;0;0;0;50;False
rural;-962.1132;6221.647;2.347412;0;0;0;50;False
rural;-852.2328;5804.184;4.265228;0;0;0;50;False
rural;-603.903;6357.873;2.607666;0;0;0;50;False
rural;-342.3875;6511.675;1.758484;0;0;0;50;False
rural;-1568.653;1901.079;119.2639;0;0;0;50;False
rural;-1206.048;2042.797;121.5638;0;0;0;50;False
rural;-2616.913;2133.947;76.07285;0;0;0;50;False
rural;-513.801;2351.468;96.7865;0;0;0;50;False
rural;1200.334;5129.029;199.9761;0;0;0;50;False
rural;1215.717;5689.309;457.5945;0;0;0;50;False
rural;1690.401;5689.309;305.0654;0;0;0;50;False
rural;1876.099;1530.721;104.2982;0;0;0;50;False
rural;1640.955;1843.818;101.5242;0;0;0;50;False
rural;1595.904;1537.312;103.0549;0;0;0;50;False